sexe;usage_vehicule;type_vehicule;points_perdus;type_conduite;_ID_client;_conduite_accompagnee;_enfants;_intervalle_age_vehicule;_intervalle_tarifs;_intervalle_age_client
F;Commercial;Sports Car;0;Highly Urban/ Urban;1;non;oui;[0-9];[300-399];[18-27]
F;Private;Minivan;2;Highly Urban/ Urban;2;oui;oui;[0-9];[200-299];[88-100]
F;Private;Pickup;0;z_Highly Rural/ Rural;3;non;oui;[0-9];[200-299];[38-47]
F;Private;z_SUV;3;Highly Urban/ Urban;4;non;non;[0-9];[300-399];/!\ MINEUR !
M;Commercial;Panel Truck;2;Highly Urban/ Urban;5;non;non;[10-19];[600-699];[68-77]
F;Private;z_SUV;2;z_Highly Rural/ Rural;6;non;oui;[10-19];[400-499];[28-37]
F;Commercial;Minivan;0;z_Highly Rural/ Rural;7;oui;oui;[0-9];[200-299];[78-87]
M;Private;z_SUV;1;Highly Urban/ Urban;8;non;non;[10-19];[300-399];[68-77]
M;Private;Minivan;0;Highly Urban/ Urban;9;non;non;[10-19];[300-399];[68-77]
F;Commercial;Panel Truck;1;Highly Urban/ Urban;10;non;non;[10-19];[300-399];[48-57]
F;Private;Minivan;0;Highly Urban/ Urban;11;oui;oui;[10-19];[200-299];[48-57]
M;Private;z_SUV;0;Highly Urban/ Urban;12;non;oui;[0-9];[300-399];/!\ MINEUR !
F;Private;z_SUV;0;Highly Urban/ Urban;13;non;non;[10-19];[200-299];[68-77]
M;Commercial;Van;5;z_Highly Rural/ Rural;14;non;non;[0-9];[300-399];/!\ MINEUR !
M;Private;Minivan;0;Highly Urban/ Urban;15;non;oui;[0-9];[300-399];[78-87]
M;Private;Minivan;0;Highly Urban/ Urban;16;non;non;[10-19];[200-299];[78-87]
F;Private;z_SUV;0;Highly Urban/ Urban;17;non;non;[10-19];[300-399];[48-57]
F;Commercial;Van;1;Highly Urban/ Urban;18;non;non;[0-9];[200-299];[88-100]
F;Private;Minivan;0;Highly Urban/ Urban;19;non;non;[10-19];[200-299];[68-77]
F;Private;z_SUV;0;Highly Urban/ Urban;20;non;non;[10-19];[200-299];[78-87]
M;Private;Minivan;0;z_Highly Rural/ Rural;21;non;oui;[10-19];[200-299];[28-37]
M;Private;Minivan;1;Highly Urban/ Urban;22;oui;oui;;[300-399];[88-100]
F;Commercial;Van;0;Highly Urban/ Urban;23;non;non;[0-9];[300-399];[18-27]
F;Commercial;Sports Car;5;Highly Urban/ Urban;24;non;oui;[0-9];[400-499];[78-87]
M;Commercial;Pickup;1;Highly Urban/ Urban;25;non;non;[0-9];[200-299];[18-27]
M;Private;Minivan;1;z_Highly Rural/ Rural;26;non;non;;[200-299];[58-67]
F;Private;Sports Car;0;z_Highly Rural/ Rural;27;non;non;[0-9];[200-299];[18-27]
F;Private;z_SUV;5;Highly Urban/ Urban;28;non;non;;[200-299];[38-47]
F;Private;z_SUV;0;Highly Urban/ Urban;29;non;non;[0-9];[800-899];[48-57]
F;Private;z_SUV;0;Highly Urban/ Urban;30;non;non;[10-19];[300-399];/!\ MINEUR !
F;Private;z_SUV;0;Highly Urban/ Urban;31;non;oui;[0-9];[200-299];[48-57]
M;Commercial;Minivan;6;z_Highly Rural/ Rural;32;non;oui;[0-9];[300-399];[38-47]
F;Private;z_SUV;3;Highly Urban/ Urban;33;non;non;[0-9];[200-299];[58-67]
M;Private;z_SUV;2;z_Highly Rural/ Rural;34;non;non;[0-9];[400-499];/!\ MINEUR !
M;Private;Sports Car;0;Highly Urban/ Urban;35;oui;oui;[10-19];[200-299];[38-47]
F;Private;z_SUV;0;Highly Urban/ Urban;36;non;non;[0-9];[300-399];[68-77]
F;Commercial;Sports Car;0;Highly Urban/ Urban;37;non;non;[10-19];[200-299];[58-67]
F;Private;z_SUV;2;Highly Urban/ Urban;38;non;oui;[10-19];[200-299];/!\ MINEUR !
F;Private;Minivan;0;Highly Urban/ Urban;39;non;non;[10-19];[200-299];[48-57]
M;Private;z_SUV;1;z_Highly Rural/ Rural;40;non;non;[10-19];[400-499];[28-37]
F;Private;Sports Car;0;Highly Urban/ Urban;41;oui;oui;[10-19];[200-299];[18-27]
F;Private;z_SUV;5;Highly Urban/ Urban;42;non;oui;[0-9];[200-299];[78-87]
M;Commercial;Pickup;0;Highly Urban/ Urban;43;non;oui;[10-19];[200-299];[58-67]
F;Private;Pickup;0;Highly Urban/ Urban;44;oui;oui;;[400-499];[58-67]
M;Private;z_SUV;0;Highly Urban/ Urban;45;non;non;[10-19];[300-399];[48-57]
F;Private;z_SUV;4;Highly Urban/ Urban;46;non;non;[10-19];[200-299];[58-67]
M;Private;z_SUV;1;Highly Urban/ Urban;47;non;oui;[0-9];[200-299];[78-87]
F;Commercial;Panel Truck;1;Highly Urban/ Urban;48;non;non;[10-19];[300-399];[38-47]
M;Commercial;Van;0;Highly Urban/ Urban;49;non;non;[0-9];[200-299];[78-87]
F;Private;Van;1;z_Highly Rural/ Rural;50;oui;oui;[0-9];[200-299];[38-47]
F;Commercial;Pickup;7;Highly Urban/ Urban;51;non;non;[0-9];[300-399];[18-27]
F;Private;Minivan;1;Highly Urban/ Urban;52;non;oui;[0-9];[200-299];[48-57]
M;Private;Minivan;0;Highly Urban/ Urban;53;non;non;[0-9];[200-299];[18-27]
F;Private;Sports Car;0;Highly Urban/ Urban;54;non;non;[10-19];[200-299];[48-57]
F;Commercial;Minivan;5;z_Highly Rural/ Rural;55;non;non;[0-9];[200-299];/!\ MINEUR !
M;Private;Van;0;Highly Urban/ Urban;56;non;non;[10-19];[300-399];[48-57]
F;Commercial;Van;4;Highly Urban/ Urban;57;non;oui;[0-9];[200-299];[48-57]
M;Private;z_SUV;2;Highly Urban/ Urban;58;non;non;[10-19];[200-299];[28-37]
F;Private;Van;0;Highly Urban/ Urban;59;oui;oui;[0-9];[200-299];[68-77]
F;Private;Sports Car;1;Highly Urban/ Urban;60;oui;oui;[0-9];[200-299];[28-37]
F;Private;Minivan;0;Highly Urban/ Urban;61;non;non;[10-19];[200-299];[68-77]
F;Private;Pickup;0;Highly Urban/ Urban;62;non;non;[0-9];[200-299];[48-57]
F;Commercial;Van;0;Highly Urban/ Urban;63;non;oui;[0-9];[200-299];[68-77]
F;Private;Sports Car;0;Highly Urban/ Urban;64;non;oui;[0-9];[200-299];[78-87]
F;Private;z_SUV;0;Highly Urban/ Urban;65;non;non;[0-9];[200-299];/!\ MINEUR !
M;Private;z_SUV;5;Highly Urban/ Urban;66;non;non;[0-9];[200-299];[48-57]
M;Private;Pickup;0;Highly Urban/ Urban;67;non;non;[0-9];[200-299];[68-77]
M;Private;Minivan;3;z_Highly Rural/ Rural;68;non;non;[0-9];[200-299];[48-57]
M;Private;z_SUV;2;Highly Urban/ Urban;69;non;oui;[10-19];[200-299];[68-77]
F;Commercial;Pickup;1;Highly Urban/ Urban;70;non;non;[0-9];[300-399];[18-27]
F;Private;z_SUV;0;Highly Urban/ Urban;71;non;non;[0-9];[300-399];/!\ MINEUR !
M;Private;z_SUV;2;Highly Urban/ Urban;72;non;non;[10-19];[200-299];[28-37]
M;Private;Minivan;2;Highly Urban/ Urban;73;non;non;[0-9];[200-299];/!\ MINEUR !
F;Private;Minivan;2;z_Highly Rural/ Rural;74;non;oui;[0-9];[400-499];[78-87]
M;Private;Pickup;0;Highly Urban/ Urban;75;non;non;[0-9];[200-299];[78-87]
F;Private;z_SUV;1;Highly Urban/ Urban;76;non;non;[10-19];[300-399];[28-37]
F;Commercial;Minivan;5;Highly Urban/ Urban;77;non;non;[0-9];[200-299];[68-77]
M;Commercial;Panel Truck;4;Highly Urban/ Urban;78;non;non;[10-19];[300-399];[48-57]
F;Private;Minivan;4;Highly Urban/ Urban;79;non;non;[0-9];[200-299];[48-57]
M;Private;Minivan;1;Highly Urban/ Urban;80;non;non;[0-9];[300-399];[58-67]
M;Private;Sports Car;0;z_Highly Rural/ Rural;81;non;non;[0-9];[200-299];[78-87]
M;Commercial;Van;0;z_Highly Rural/ Rural;82;non;non;[0-9];[200-299];[58-67]
F;Commercial;z_SUV;0;Highly Urban/ Urban;83;non;oui;[0-9];[200-299];[58-67]
M;Private;Sports Car;1;z_Highly Rural/ Rural;84;non;non;;[200-299];[58-67]
M;Commercial;Pickup;2;Highly Urban/ Urban;85;non;non;[0-9];[200-299];[58-67]
M;Private;Minivan;0;Highly Urban/ Urban;86;non;non;[0-9];[200-299];[38-47]
M;Private;Minivan;0;Highly Urban/ Urban;87;non;non;[10-19];[400-499];[48-57]
F;Private;z_SUV;0;z_Highly Rural/ Rural;88;oui;oui;[0-9];[200-299];[18-27]
M;Private;Minivan;0;Highly Urban/ Urban;89;non;non;[10-19];[500-599];[48-57]
M;Private;Sports Car;0;z_Highly Rural/ Rural;90;non;oui;[0-9];[200-299];[58-67]
M;Commercial;Minivan;3;Highly Urban/ Urban;91;non;non;[0-9];[200-299];[78-87]
F;Private;Minivan;1;Highly Urban/ Urban;92;non;oui;[0-9];[300-399];/!\ MINEUR !
F;Private;Sports Car;6;Highly Urban/ Urban;93;non;non;[0-9];[400-499];/!\ MINEUR !
M;Private;Van;0;Highly Urban/ Urban;94;non;non;[0-9];[200-299];[58-67]
F;Private;Pickup;4;Highly Urban/ Urban;95;non;non;[10-19];[200-299];[68-77]
F;Commercial;Pickup;1;z_Highly Rural/ Rural;96;non;non;[0-9];[300-399];[48-57]
M;Private;Minivan;7;Highly Urban/ Urban;97;non;non;[0-9];[200-299];[58-67]
F;Private;Minivan;0;Highly Urban/ Urban;98;oui;oui;[0-9];[200-299];[28-37]
M;Private;Van;1;Highly Urban/ Urban;99;non;oui;[0-9];[300-399];[38-47]
M;Commercial;z_SUV;0;Highly Urban/ Urban;100;non;non;[0-9];[300-399];[18-27]
M;Commercial;Pickup;2;Highly Urban/ Urban;101;non;oui;[10-19];[300-399];[58-67]
F;Private;Minivan;0;Highly Urban/ Urban;102;non;oui;[0-9];[300-399];[18-27]
M;Private;Minivan;6;Highly Urban/ Urban;103;non;non;[10-19];[300-399];[48-57]
M;Commercial;Panel Truck;4;Highly Urban/ Urban;104;non;non;[10-19];[200-299];/!\ MINEUR !
M;Private;Minivan;1;Highly Urban/ Urban;105;non;non;[10-19];[400-499];[58-67]
M;Commercial;Panel Truck;0;Highly Urban/ Urban;106;non;oui;[10-19];[200-299];[18-27]
F;Private;Minivan;0;Highly Urban/ Urban;107;oui;oui;[0-9];[300-399];[68-77]
M;Commercial;Minivan;1;z_Highly Rural/ Rural;108;non;oui;[10-19];[300-399];[38-47]
F;Private;Minivan;5;Highly Urban/ Urban;109;non;oui;[10-19];[200-299];[58-67]
M;Private;z_SUV;0;Highly Urban/ Urban;110;non;non;[0-9];[300-399];[88-100]
M;Commercial;z_SUV;0;Highly Urban/ Urban;111;non;non;[0-9];[200-299];[48-57]
M;Commercial;Minivan;0;Highly Urban/ Urban;112;oui;oui;[10-19];[200-299];[48-57]
M;Private;z_SUV;0;Highly Urban/ Urban;113;non;oui;[0-9];[200-299];[68-77]
F;Commercial;Minivan;2;Highly Urban/ Urban;114;non;oui;[0-9];[200-299];[58-67]
F;Private;z_SUV;0;Highly Urban/ Urban;115;non;non;[10-19];[300-399];[48-57]
F;Private;Minivan;0;z_Highly Rural/ Rural;116;oui;oui;[0-9];[400-499];[48-57]
F;Private;Sports Car;0;z_Highly Rural/ Rural;117;oui;oui;[10-19];[200-299];[78-87]
F;Private;Pickup;0;Highly Urban/ Urban;118;oui;oui;[0-9];[300-399];[58-67]
M;Commercial;Sports Car;2;Highly Urban/ Urban;119;oui;oui;[0-9];[300-399];/!\ MINEUR !
M;Private;Minivan;0;Highly Urban/ Urban;120;non;non;[10-19];[300-399];/!\ MINEUR !
M;Private;z_SUV;0;z_Highly Rural/ Rural;121;non;non;[10-19];[300-399];[68-77]
M;Private;Minivan;2;Highly Urban/ Urban;122;non;oui;[10-19];[200-299];[58-67]
M;Private;z_SUV;0;Highly Urban/ Urban;123;non;non;[10-19];[300-399];[68-77]
F;Private;Pickup;0;Highly Urban/ Urban;124;non;non;[10-19];[300-399];[48-57]
F;Private;Van;4;Highly Urban/ Urban;125;non;oui;[0-9];[300-399];[28-37]
M;Private;Minivan;0;Highly Urban/ Urban;126;non;non;[0-9];[200-299];[28-37]
M;Private;Minivan;2;Highly Urban/ Urban;127;non;non;[0-9];[200-299];[68-77]
M;Commercial;Minivan;7;z_Highly Rural/ Rural;128;non;non;[0-9];[200-299];/!\ MINEUR !
M;Commercial;Sports Car;1;Highly Urban/ Urban;129;non;non;;[500-599];[18-27]
M;Private;Minivan;1;Highly Urban/ Urban;130;non;non;[10-19];[200-299];[58-67]
F;Private;Sports Car;0;Highly Urban/ Urban;131;non;oui;[10-19];[200-299];[68-77]
F;Private;Minivan;8;Highly Urban/ Urban;132;non;oui;[0-9];[600-699];[68-77]
M;Private;z_SUV;0;z_Highly Rural/ Rural;133;non;oui;[0-9];[200-299];/!\ MINEUR !
M;Private;Minivan;3;Highly Urban/ Urban;134;non;non;[0-9];[200-299];[48-57]
F;Private;z_SUV;0;Highly Urban/ Urban;135;oui;oui;[0-9];[200-299];/!\ MINEUR !
F;Private;Minivan;0;Highly Urban/ Urban;136;non;oui;[10-19];[300-399];[88-100]
M;Commercial;Van;2;Highly Urban/ Urban;137;non;non;[10-19];[300-399];/!\ MINEUR !
M;Commercial;Van;4;Highly Urban/ Urban;138;oui;oui;[0-9];[200-299];[28-37]
M;Commercial;z_SUV;4;Highly Urban/ Urban;139;non;oui;[0-9];[200-299];[48-57]
F;Private;Sports Car;6;Highly Urban/ Urban;140;non;oui;[0-9];[500-599];[38-47]
M;Commercial;Sports Car;2;Highly Urban/ Urban;141;non;non;[0-9];[300-399];[48-57]
F;Private;Minivan;0;Highly Urban/ Urban;142;non;non;[0-9];[200-299];[48-57]
F;Private;Pickup;0;Highly Urban/ Urban;143;non;oui;[10-19];[300-399];/!\ MINEUR !
M;Private;z_SUV;5;Highly Urban/ Urban;144;non;non;[10-19];[500-599];[78-87]
M;Commercial;z_SUV;7;Highly Urban/ Urban;145;non;oui;;[200-299];[88-100]
M;Private;z_SUV;2;Highly Urban/ Urban;146;non;non;[10-19];[200-299];[48-57]
M;Private;z_SUV;0;Highly Urban/ Urban;147;non;non;[0-9];[300-399];[58-67]
M;Private;z_SUV;1;z_Highly Rural/ Rural;148;oui;oui;[10-19];[200-299];[38-47]
F;Private;z_SUV;0;Highly Urban/ Urban;149;non;non;[10-19];[200-299];[68-77]
F;Private;Minivan;0;z_Highly Rural/ Rural;150;non;non;[10-19];[200-299];[68-77]
M;Private;Minivan;0;Highly Urban/ Urban;151;non;non;[10-19];[300-399];[78-87]
F;Private;z_SUV;2;Highly Urban/ Urban;152;non;non;[0-9];[200-299];[58-67]
F;Private;Minivan;3;Highly Urban/ Urban;153;non;oui;[0-9];[200-299];[58-67]
M;Private;Minivan;1;Highly Urban/ Urban;154;non;non;[0-9];[200-299];[28-37]
F;Commercial;Pickup;0;z_Highly Rural/ Rural;155;non;oui;[0-9];[200-299];[68-77]
M;Commercial;Van;0;Highly Urban/ Urban;156;oui;oui;[10-19];[300-399];[78-87]
F;Private;Sports Car;5;Highly Urban/ Urban;157;non;oui;[0-9];[200-299];[68-77]
M;Private;Pickup;0;Highly Urban/ Urban;158;non;non;[10-19];[300-399];[68-77]
M;Commercial;Minivan;0;z_Highly Rural/ Rural;159;non;non;[0-9];[300-399];[78-87]
M;Commercial;z_SUV;6;Highly Urban/ Urban;160;non;non;[0-9];[200-299];[58-67]
M;Private;Sports Car;0;Highly Urban/ Urban;161;oui;oui;[0-9];[200-299];[68-77]
M;Private;z_SUV;2;Highly Urban/ Urban;162;non;non;[10-19];[400-499];[28-37]
F;Private;Minivan;1;z_Highly Rural/ Rural;163;oui;oui;[10-19];[300-399];[48-57]
F;Private;Minivan;0;Highly Urban/ Urban;164;non;oui;[10-19];[300-399];[68-77]
F;Private;Sports Car;1;z_Highly Rural/ Rural;165;non;non;[0-9];[200-299];[48-57]
F;Private;Minivan;1;Highly Urban/ Urban;166;oui;oui;[0-9];[200-299];[48-57]
F;Private;Sports Car;0;Highly Urban/ Urban;167;non;oui;[10-19];[200-299];[88-100]
F;Commercial;Pickup;0;Highly Urban/ Urban;168;non;oui;[0-9];[200-299];[18-27]
F;Commercial;Panel Truck;1;Highly Urban/ Urban;169;non;non;;[200-299];[48-57]
F;Commercial;z_SUV;2;Highly Urban/ Urban;170;non;non;[10-19];[300-399];[68-77]
M;Private;Pickup;1;Highly Urban/ Urban;171;non;oui;[10-19];[200-299];[38-47]
F;Commercial;Minivan;2;Highly Urban/ Urban;172;non;non;[0-9];[300-399];[28-37]
M;Commercial;Minivan;0;z_Highly Rural/ Rural;173;non;non;[10-19];[300-399];[48-57]
F;Private;Minivan;0;Highly Urban/ Urban;174;non;oui;[20-29];[300-399];[48-57]
M;Private;z_SUV;2;Highly Urban/ Urban;175;non;non;[0-9];[200-299];[48-57]
M;Commercial;Pickup;6;Highly Urban/ Urban;176;non;non;;[200-299];[68-77]
F;Commercial;Van;0;Highly Urban/ Urban;177;non;non;[10-19];[200-299];[58-67]
M;Private;Sports Car;0;Highly Urban/ Urban;178;non;non;[10-19];[200-299];[28-37]
M;Private;z_SUV;0;z_Highly Rural/ Rural;179;non;oui;[0-9];[200-299];[58-67]
F;Commercial;Van;0;Highly Urban/ Urban;180;non;oui;[0-9];[500-599];[48-57]
F;Commercial;Pickup;1;Highly Urban/ Urban;181;non;non;;[200-299];[78-87]
F;Commercial;Van;1;z_Highly Rural/ Rural;182;oui;oui;[0-9];[200-299];[18-27]
M;Commercial;Panel Truck;0;z_Highly Rural/ Rural;183;non;non;[10-19];[300-399];[48-57]
F;Private;Van;0;Highly Urban/ Urban;184;non;non;[10-19];[300-399];[78-87]
F;Private;Pickup;1;Highly Urban/ Urban;185;non;non;[0-9];[200-299];[68-77]
M;Commercial;z_SUV;6;Highly Urban/ Urban;186;oui;oui;[0-9];[400-499];[18-27]
F;Private;z_SUV;0;Highly Urban/ Urban;187;non;non;[0-9];[300-399];[58-67]
F;Private;z_SUV;0;Highly Urban/ Urban;188;non;oui;[0-9];[300-399];[18-27]
F;Private;z_SUV;0;Highly Urban/ Urban;189;non;non;[0-9];[400-499];[68-77]
F;Private;Minivan;0;Highly Urban/ Urban;190;non;non;[10-19];[500-599];/!\ MINEUR !
M;Commercial;Van;5;Highly Urban/ Urban;191;non;non;;[200-299];[48-57]
M;Private;Sports Car;3;Highly Urban/ Urban;192;non;non;[0-9];[400-499];/!\ MINEUR !
F;Private;Sports Car;0;z_Highly Rural/ Rural;193;non;non;[0-9];[300-399];[68-77]
F;Commercial;Panel Truck;1;Highly Urban/ Urban;194;non;non;[0-9];[400-499];[28-37]
F;Private;z_SUV;0;Highly Urban/ Urban;195;non;non;[10-19];[300-399];[48-57]
F;Private;Sports Car;3;Highly Urban/ Urban;196;non;oui;[0-9];[300-399];[58-67]
F;Private;Minivan;4;Highly Urban/ Urban;197;non;oui;[10-19];[200-299];[48-57]
M;Commercial;Panel Truck;2;Highly Urban/ Urban;198;non;non;[10-19];[200-299];[78-87]
F;Private;z_SUV;0;Highly Urban/ Urban;199;non;oui;[0-9];[300-399];[48-57]
F;Commercial;Minivan;0;z_Highly Rural/ Rural;200;non;non;;[200-299];[58-67]
M;Private;Sports Car;9;Highly Urban/ Urban;201;non;non;[0-9];[200-299];/!\ MINEUR !
M;Commercial;Pickup;4;Highly Urban/ Urban;202;non;non;[0-9];[300-399];[68-77]
M;Commercial;Minivan;0;Highly Urban/ Urban;203;oui;oui;[0-9];[400-499];[58-67]
F;Commercial;z_SUV;2;z_Highly Rural/ Rural;204;non;non;[10-19];[500-599];[68-77]
M;Private;Sports Car;3;Highly Urban/ Urban;205;non;oui;[0-9];[200-299];[78-87]
M;Commercial;Minivan;0;Highly Urban/ Urban;206;non;non;[0-9];[200-299];[48-57]
M;Commercial;Minivan;6;Highly Urban/ Urban;207;non;non;;[300-399];[78-87]
M;Private;Minivan;0;z_Highly Rural/ Rural;208;non;non;[10-19];[200-299];[58-67]
M;Commercial;Panel Truck;1;Highly Urban/ Urban;209;oui;oui;[0-9];[500-599];[58-67]
F;Private;z_SUV;0;z_Highly Rural/ Rural;210;non;oui;[0-9];[300-399];[48-57]
F;Private;Minivan;1;z_Highly Rural/ Rural;211;oui;oui;[0-9];[200-299];[18-27]
F;Commercial;Panel Truck;1;Highly Urban/ Urban;212;non;non;[10-19];[200-299];[48-57]
F;Private;z_SUV;1;Highly Urban/ Urban;213;non;non;;[200-299];[58-67]
F;Commercial;Van;1;Highly Urban/ Urban;214;non;non;[0-9];[200-299];[48-57]
M;Commercial;Van;5;Highly Urban/ Urban;215;non;oui;;[200-299];[48-57]
M;Private;z_SUV;0;Highly Urban/ Urban;216;non;non;[10-19];[500-599];[58-67]
F;Private;Pickup;2;Highly Urban/ Urban;217;non;oui;[0-9];[200-299];[48-57]
F;Private;z_SUV;8;Highly Urban/ Urban;218;non;non;[10-19];[400-499];/!\ MINEUR !
M;Private;Sports Car;0;Highly Urban/ Urban;219;non;non;[0-9];[500-599];[58-67]
M;Private;Minivan;1;z_Highly Rural/ Rural;220;oui;oui;[0-9];[300-399];[68-77]
M;Private;Sports Car;0;Highly Urban/ Urban;221;non;oui;[10-19];[300-399];[68-77]
M;Commercial;Pickup;0;z_Highly Rural/ Rural;222;oui;oui;[10-19];[300-399];[68-77]
F;Private;z_SUV;4;Highly Urban/ Urban;223;non;non;[0-9];[500-599];[28-37]
F;Commercial;z_SUV;5;Highly Urban/ Urban;224;non;oui;[0-9];[300-399];/!\ MINEUR !
F;Commercial;Minivan;0;Highly Urban/ Urban;225;non;non;[0-9];[300-399];[78-87]
M;Private;Minivan;4;Highly Urban/ Urban;226;non;non;[10-19];[200-299];[48-57]
F;Private;z_SUV;3;Highly Urban/ Urban;227;non;non;[0-9];[300-399];[58-67]
M;Private;z_SUV;0;z_Highly Rural/ Rural;228;non;oui;[0-9];[400-499];[18-27]
F;Private;Minivan;0;Highly Urban/ Urban;229;non;non;[0-9];[300-399];[68-77]
F;Private;Pickup;5;Highly Urban/ Urban;230;non;non;[0-9];[200-299];[78-87]
F;Private;z_SUV;3;Highly Urban/ Urban;231;non;non;;[200-299];[18-27]
M;Private;Minivan;0;Highly Urban/ Urban;232;oui;oui;[0-9];[200-299];/!\ MINEUR !
F;Private;Minivan;3;Highly Urban/ Urban;233;non;non;;[200-299];[28-37]
F;Commercial;z_SUV;2;Highly Urban/ Urban;234;non;non;[10-19];[200-299];[38-47]
F;Private;z_SUV;2;z_Highly Rural/ Rural;235;non;oui;[0-9];[300-399];[58-67]
M;Private;Pickup;0;Highly Urban/ Urban;236;non;non;[10-19];[200-299];[68-77]
F;Commercial;Panel Truck;0;Highly Urban/ Urban;237;non;non;[10-19];[500-599];[28-37]
F;Private;z_SUV;0;Highly Urban/ Urban;238;non;non;[10-19];[200-299];[58-67]
M;Private;z_SUV;5;Highly Urban/ Urban;239;non;oui;[0-9];[200-299];[68-77]
F;Private;Minivan;3;Highly Urban/ Urban;240;non;non;[10-19];[300-399];[68-77]
F;Private;Minivan;0;Highly Urban/ Urban;241;non;non;[10-19];[200-299];[38-47]
M;Commercial;z_SUV;0;Highly Urban/ Urban;242;non;non;[0-9];[200-299];[58-67]
F;Commercial;Pickup;0;Highly Urban/ Urban;243;non;non;[10-19];[200-299];[78-87]
F;Private;Sports Car;6;Highly Urban/ Urban;244;oui;oui;[10-19];[200-299];[78-87]
M;Private;z_SUV;3;Highly Urban/ Urban;245;non;oui;[0-9];[200-299];/!\ MINEUR !
F;Private;Van;3;Highly Urban/ Urban;246;non;non;[10-19];[200-299];[78-87]
M;Commercial;Pickup;0;Highly Urban/ Urban;247;oui;oui;[0-9];[400-499];[28-37]
M;Commercial;Van;0;z_Highly Rural/ Rural;248;non;oui;[0-9];[300-399];/!\ MINEUR !
M;Private;Pickup;0;Highly Urban/ Urban;249;non;non;[10-19];[300-399];[28-37]
F;Private;Minivan;2;Highly Urban/ Urban;250;non;non;[10-19];[200-299];[28-37]
M;Private;z_SUV;1;Highly Urban/ Urban;251;non;non;[20-29];[300-399];/!\ MINEUR !
F;Commercial;z_SUV;5;z_Highly Rural/ Rural;252;non;non;[10-19];[200-299];[28-37]
M;Commercial;Minivan;3;Highly Urban/ Urban;253;non;non;[0-9];[400-499];[48-57]
F;Private;Van;0;Highly Urban/ Urban;254;non;non;[10-19];[200-299];[58-67]
M;Private;Minivan;0;Highly Urban/ Urban;255;non;non;[0-9];[300-399];/!\ MINEUR !
M;Commercial;Van;2;z_Highly Rural/ Rural;256;non;oui;;[400-499];[58-67]
M;Private;Minivan;0;Highly Urban/ Urban;257;non;oui;[10-19];[300-399];[58-67]
F;Private;Minivan;0;Highly Urban/ Urban;258;oui;oui;[0-9];[200-299];[18-27]
F;Private;Minivan;0;z_Highly Rural/ Rural;259;non;non;[0-9];[400-499];[78-87]
F;Commercial;Panel Truck;4;Highly Urban/ Urban;260;non;non;[10-19];[200-299];[68-77]
F;Commercial;Panel Truck;5;Highly Urban/ Urban;261;non;non;[0-9];[300-399];/!\ MINEUR !
F;Commercial;Van;1;Highly Urban/ Urban;262;non;oui;[0-9];[200-299];[78-87]
M;Commercial;Pickup;0;Highly Urban/ Urban;263;non;non;[10-19];[200-299];/!\ MINEUR !
M;Commercial;Van;7;Highly Urban/ Urban;264;non;non;[10-19];[200-299];/!\ MINEUR !
M;Private;z_SUV;4;Highly Urban/ Urban;265;non;non;;[300-399];[68-77]
M;Private;z_SUV;1;Highly Urban/ Urban;266;non;non;[0-9];[300-399];[48-57]
M;Private;z_SUV;1;z_Highly Rural/ Rural;267;non;non;[0-9];[300-399];[48-57]
M;Commercial;Panel Truck;4;Highly Urban/ Urban;268;non;non;[10-19];[200-299];/!\ MINEUR !
F;Private;z_SUV;0;Highly Urban/ Urban;269;non;non;[10-19];[300-399];[68-77]
F;Private;Minivan;4;Highly Urban/ Urban;270;non;non;[10-19];[300-399];[58-67]
F;Commercial;Sports Car;4;Highly Urban/ Urban;271;non;non;[10-19];[300-399];[28-37]
M;Commercial;Pickup;3;Highly Urban/ Urban;272;non;non;[10-19];[200-299];[68-77]
F;Commercial;Van;3;Highly Urban/ Urban;273;non;non;[0-9];[300-399];[38-47]
M;Private;Van;0;Highly Urban/ Urban;274;non;non;[0-9];[200-299];[18-27]
M;Private;z_SUV;2;Highly Urban/ Urban;275;non;oui;[0-9];[200-299];[48-57]
F;Commercial;Panel Truck;5;Highly Urban/ Urban;276;non;non;[10-19];[200-299];[78-87]
M;Commercial;Pickup;4;Highly Urban/ Urban;277;oui;oui;[0-9];[300-399];[28-37]
M;Commercial;Pickup;5;Highly Urban/ Urban;278;non;non;[0-9];[200-299];[58-67]
M;Commercial;Panel Truck;3;Highly Urban/ Urban;279;non;non;[20-29];[300-399];[18-27]
M;Private;z_SUV;3;Highly Urban/ Urban;280;non;non;[0-9];[200-299];[68-77]
M;Private;Minivan;0;Highly Urban/ Urban;281;non;non;[10-19];[300-399];[58-67]
M;Private;Sports Car;5;Highly Urban/ Urban;282;non;non;[10-19];[500-599];/!\ MINEUR !
F;Private;Sports Car;0;z_Highly Rural/ Rural;283;non;non;[10-19];[300-399];/!\ MINEUR !
F;Private;Minivan;4;Highly Urban/ Urban;284;non;non;[10-19];[300-399];[38-47]
F;Private;z_SUV;0;Highly Urban/ Urban;285;non;non;[0-9];[300-399];[78-87]
F;Private;Pickup;2;Highly Urban/ Urban;286;non;non;[0-9];[300-399];[18-27]
F;Commercial;Pickup;0;z_Highly Rural/ Rural;287;non;non;[10-19];[300-399];[38-47]
M;Private;Minivan;2;Highly Urban/ Urban;288;non;non;[0-9];[300-399];[68-77]
F;Commercial;Panel Truck;0;Highly Urban/ Urban;289;non;non;[10-19];[200-299];[68-77]
M;Private;Pickup;1;Highly Urban/ Urban;290;non;oui;[10-19];[500-599];[58-67]
M;Private;Pickup;4;Highly Urban/ Urban;291;non;non;[0-9];[200-299];[58-67]
M;Private;Pickup;0;Highly Urban/ Urban;292;non;non;[0-9];[300-399];[18-27]
M;Private;Minivan;3;Highly Urban/ Urban;293;non;non;;[300-399];/!\ MINEUR !
M;Commercial;Van;0;Highly Urban/ Urban;294;non;non;[0-9];[300-399];/!\ MINEUR !
F;Private;z_SUV;1;Highly Urban/ Urban;295;non;oui;[0-9];[200-299];[18-27]
F;Private;z_SUV;0;Highly Urban/ Urban;296;non;oui;[10-19];[300-399];[38-47]
F;Private;z_SUV;6;Highly Urban/ Urban;297;non;non;;[500-599];/!\ MINEUR !
F;Private;Minivan;1;Highly Urban/ Urban;298;oui;oui;[10-19];[200-299];[88-100]
F;Private;Pickup;2;Highly Urban/ Urban;299;non;non;[10-19];[200-299];[68-77]
F;Commercial;Panel Truck;1;Highly Urban/ Urban;300;non;oui;[20-29];[200-299];[18-27]
M;Commercial;Sports Car;0;z_Highly Rural/ Rural;301;non;non;[0-9];[200-299];[38-47]
F;Private;Pickup;0;z_Highly Rural/ Rural;302;non;oui;[10-19];[200-299];/!\ MINEUR !
F;Private;z_SUV;0;z_Highly Rural/ Rural;303;non;oui;[0-9];[200-299];[48-57]
F;Private;Minivan;3;Highly Urban/ Urban;304;oui;oui;[0-9];[300-399];[68-77]
F;Private;Pickup;0;z_Highly Rural/ Rural;305;non;non;[10-19];[200-299];[78-87]
F;Private;Sports Car;0;Highly Urban/ Urban;306;non;non;[10-19];[200-299];[68-77]
M;Commercial;Pickup;4;Highly Urban/ Urban;307;non;non;[20-29];[200-299];/!\ MINEUR !
F;Private;z_SUV;0;Highly Urban/ Urban;308;non;non;[0-9];[200-299];[68-77]
F;Private;Minivan;0;Highly Urban/ Urban;309;non;non;[10-19];[400-499];[18-27]
F;Commercial;Panel Truck;5;Highly Urban/ Urban;310;non;non;[10-19];[200-299];[48-57]
F;Commercial;Minivan;0;z_Highly Rural/ Rural;311;non;non;[10-19];[200-299];[48-57]
M;Commercial;Sports Car;0;Highly Urban/ Urban;312;non;non;[0-9];[200-299];[28-37]
M;Private;Minivan;0;z_Highly Rural/ Rural;313;non;non;[0-9];[400-499];[38-47]
M;Private;Sports Car;2;Highly Urban/ Urban;314;oui;oui;[0-9];[300-399];[58-67]
F;Private;Pickup;2;Highly Urban/ Urban;315;non;oui;[10-19];[300-399];[58-67]
M;Private;Minivan;0;Highly Urban/ Urban;316;non;non;[0-9];[300-399];[18-27]
M;Private;Minivan;0;Highly Urban/ Urban;317;non;non;[10-19];[300-399];[78-87]
F;Commercial;Panel Truck;0;Highly Urban/ Urban;318;non;non;[0-9];[200-299];/!\ MINEUR !
F;Private;z_SUV;0;z_Highly Rural/ Rural;319;non;oui;[0-9];[200-299];[48-57]
M;Private;Pickup;0;z_Highly Rural/ Rural;320;oui;oui;[0-9];[300-399];[78-87]
F;Private;Van;0;Highly Urban/ Urban;321;non;non;[10-19];[300-399];[58-67]
F;Private;z_SUV;0;z_Highly Rural/ Rural;322;oui;oui;[0-9];[300-399];[88-100]
F;Private;Sports Car;0;Highly Urban/ Urban;323;non;non;[0-9];[300-399];[68-77]
F;Commercial;Pickup;7;z_Highly Rural/ Rural;324;non;oui;[0-9];[200-299];[38-47]
F;Private;z_SUV;6;Highly Urban/ Urban;325;non;oui;[0-9];[200-299];[48-57]
M;Commercial;Minivan;3;Highly Urban/ Urban;326;non;non;[0-9];[200-299];/!\ MINEUR !
F;Private;Minivan;2;Highly Urban/ Urban;327;non;non;[10-19];[300-399];[68-77]
F;Commercial;z_SUV;3;Highly Urban/ Urban;328;non;non;[10-19];[300-399];[58-67]
F;Private;Minivan;1;Highly Urban/ Urban;329;non;non;[0-9];[300-399];[48-57]
F;Private;z_SUV;1;z_Highly Rural/ Rural;330;non;non;[0-9];[400-499];[58-67]
F;Private;Pickup;2;Highly Urban/ Urban;331;non;non;[0-9];[600-699];[48-57]
M;Private;Minivan;0;Highly Urban/ Urban;332;oui;oui;[0-9];[200-299];[78-87]
M;Private;Sports Car;0;Highly Urban/ Urban;333;non;non;[0-9];[200-299];[28-37]
M;Commercial;Van;0;z_Highly Rural/ Rural;334;non;oui;[0-9];[200-299];[48-57]
F;Commercial;Minivan;5;Highly Urban/ Urban;335;non;oui;[0-9];[300-399];[58-67]
F;Private;z_SUV;0;Highly Urban/ Urban;336;non;oui;[20-29];[200-299];[38-47]
M;Private;Sports Car;0;Highly Urban/ Urban;337;non;non;[10-19];[200-299];/!\ MINEUR !
M;Commercial;Pickup;0;Highly Urban/ Urban;338;non;non;[0-9];[300-399];[48-57]
M;Commercial;z_SUV;0;Highly Urban/ Urban;339;non;oui;[0-9];[200-299];[38-47]
F;Private;Sports Car;3;Highly Urban/ Urban;340;oui;oui;[0-9];[200-299];[28-37]
M;Commercial;Panel Truck;4;Highly Urban/ Urban;341;non;oui;[0-9];[200-299];[58-67]
M;Commercial;Sports Car;0;Highly Urban/ Urban;342;non;oui;[0-9];[300-399];[78-87]
M;Private;z_SUV;7;Highly Urban/ Urban;343;non;non;[0-9];[300-399];[28-37]
M;Commercial;Minivan;3;Highly Urban/ Urban;344;non;non;[0-9];[200-299];[68-77]
M;Commercial;Van;1;Highly Urban/ Urban;345;non;non;[0-9];[300-399];[48-57]
M;Private;z_SUV;2;Highly Urban/ Urban;346;non;non;;[400-499];[48-57]
F;Commercial;Panel Truck;10;Highly Urban/ Urban;347;non;non;[10-19];[200-299];[18-27]
F;Commercial;Panel Truck;3;Highly Urban/ Urban;348;non;oui;[0-9];[200-299];[18-27]
F;Private;Minivan;0;Highly Urban/ Urban;349;non;non;[10-19];[200-299];[78-87]
M;Private;Sports Car;0;z_Highly Rural/ Rural;350;non;non;[0-9];[300-399];[28-37]
F;Private;Minivan;4;Highly Urban/ Urban;351;oui;oui;[10-19];[600-699];[78-87]
M;Private;Minivan;0;Highly Urban/ Urban;352;non;non;[10-19];[300-399];[28-37]
M;Commercial;z_SUV;1;Highly Urban/ Urban;353;non;oui;[0-9];[300-399];[68-77]
F;Private;Sports Car;8;Highly Urban/ Urban;354;non;non;[20-29];[300-399];[78-87]
M;Commercial;Panel Truck;0;z_Highly Rural/ Rural;355;non;oui;[0-9];[300-399];[78-87]
F;Private;Minivan;2;Highly Urban/ Urban;356;non;oui;[10-19];[200-299];[48-57]
F;Private;z_SUV;0;Highly Urban/ Urban;357;non;non;[20-29];[200-299];[48-57]
M;Commercial;Panel Truck;0;Highly Urban/ Urban;358;non;oui;[10-19];[300-399];[28-37]
M;Private;Pickup;0;Highly Urban/ Urban;359;non;oui;[10-19];[200-299];/!\ MINEUR !
F;Commercial;Pickup;2;z_Highly Rural/ Rural;360;non;non;[10-19];[300-399];[48-57]
F;Private;Van;3;Highly Urban/ Urban;361;non;non;[10-19];[200-299];[58-67]
M;Commercial;z_SUV;0;z_Highly Rural/ Rural;362;non;oui;[0-9];[400-499];[68-77]
M;Commercial;z_SUV;1;Highly Urban/ Urban;363;non;oui;[0-9];[200-299];[18-27]
F;Private;Minivan;0;z_Highly Rural/ Rural;364;non;oui;[0-9];[500-599];[48-57]
M;Commercial;z_SUV;3;Highly Urban/ Urban;365;non;oui;[0-9];[200-299];[18-27]
M;Private;Minivan;1;Highly Urban/ Urban;366;non;oui;;[300-399];[58-67]
F;Private;Minivan;4;z_Highly Rural/ Rural;367;non;oui;[0-9];[200-299];[38-47]
F;Private;z_SUV;0;Highly Urban/ Urban;368;non;non;[0-9];[200-299];[58-67]
F;Private;Minivan;0;z_Highly Rural/ Rural;369;non;non;[0-9];[200-299];[68-77]
M;Private;Sports Car;0;Highly Urban/ Urban;370;non;oui;[10-19];[400-499];/!\ MINEUR !
F;Private;z_SUV;0;Highly Urban/ Urban;371;oui;oui;[10-19];[200-299];[28-37]
M;Private;Minivan;0;Highly Urban/ Urban;372;non;non;;[300-399];[58-67]
M;Commercial;Panel Truck;2;z_Highly Rural/ Rural;373;non;non;[0-9];[300-399];[78-87]
F;Private;Minivan;3;Highly Urban/ Urban;374;non;oui;[0-9];[300-399];[48-57]
F;Private;z_SUV;3;Highly Urban/ Urban;375;non;non;;[200-299];[48-57]
M;Private;z_SUV;3;Highly Urban/ Urban;376;non;oui;[0-9];[200-299];[38-47]
F;Private;z_SUV;0;Highly Urban/ Urban;377;non;oui;[10-19];[400-499];[68-77]
M;Private;Minivan;0;Highly Urban/ Urban;378;non;oui;[20-29];[300-399];[18-27]
M;Private;Minivan;1;Highly Urban/ Urban;379;oui;oui;[0-9];[300-399];[68-77]
F;Private;Minivan;0;Highly Urban/ Urban;380;non;non;;[300-399];[48-57]
M;Private;Minivan;1;Highly Urban/ Urban;381;non;oui;[10-19];[200-299];/!\ MINEUR !
M;Commercial;Van;2;Highly Urban/ Urban;382;non;non;[0-9];[200-299];[78-87]
M;Commercial;Van;3;Highly Urban/ Urban;383;non;non;[10-19];[300-399];[68-77]
M;Private;Sports Car;0;Highly Urban/ Urban;384;non;non;[10-19];[400-499];[68-77]
M;Commercial;z_SUV;0;Highly Urban/ Urban;385;non;oui;[10-19];[200-299];/!\ MINEUR !
F;Commercial;z_SUV;3;Highly Urban/ Urban;386;non;oui;[0-9];[200-299];[58-67]
M;Private;Minivan;4;Highly Urban/ Urban;387;non;non;[10-19];[200-299];/!\ MINEUR !
F;Private;Pickup;0;Highly Urban/ Urban;388;non;non;[10-19];[200-299];[88-100]
M;Private;z_SUV;0;z_Highly Rural/ Rural;389;non;non;[0-9];[200-299];[38-47]
M;Private;Minivan;0;Highly Urban/ Urban;390;non;oui;[10-19];[200-299];[68-77]
F;Private;z_SUV;0;Highly Urban/ Urban;391;oui;oui;[10-19];[200-299];[38-47]
F;Private;Sports Car;1;Highly Urban/ Urban;392;non;non;[10-19];[300-399];[38-47]
F;Commercial;Minivan;2;Highly Urban/ Urban;393;non;non;[10-19];[200-299];[38-47]
M;Commercial;Panel Truck;1;Highly Urban/ Urban;394;non;non;[0-9];[200-299];[48-57]
F;Private;Van;0;Highly Urban/ Urban;395;non;non;[0-9];[200-299];[68-77]
M;Commercial;Pickup;3;Highly Urban/ Urban;396;non;non;[0-9];[200-299];[78-87]
F;Commercial;Pickup;1;Highly Urban/ Urban;397;oui;oui;[0-9];[400-499];[38-47]
M;Private;z_SUV;0;z_Highly Rural/ Rural;398;non;non;[10-19];[300-399];[88-100]
M;Private;z_SUV;2;Highly Urban/ Urban;399;non;non;[10-19];[200-299];[78-87]
M;Commercial;Minivan;0;z_Highly Rural/ Rural;400;oui;oui;[0-9];[200-299];[68-77]
F;Commercial;Sports Car;7;Highly Urban/ Urban;401;non;non;[0-9];[300-399];/!\ MINEUR !
M;Commercial;Panel Truck;0;Highly Urban/ Urban;402;non;non;[0-9];[300-399];/!\ MINEUR !
M;Private;z_SUV;8;Highly Urban/ Urban;403;non;oui;[0-9];[200-299];[88-100]
M;Commercial;Panel Truck;0;Highly Urban/ Urban;404;non;non;[10-19];[200-299];[58-67]
M;Commercial;Panel Truck;5;Highly Urban/ Urban;405;non;non;[10-19];[200-299];[58-67]
F;Private;Minivan;0;Highly Urban/ Urban;406;non;oui;[0-9];[200-299];/!\ MINEUR !
F;Commercial;z_SUV;0;Highly Urban/ Urban;407;non;oui;[0-9];[200-299];[18-27]
M;Private;Minivan;2;Highly Urban/ Urban;408;non;oui;[0-9];[300-399];/!\ MINEUR !
M;Commercial;Van;1;Highly Urban/ Urban;409;non;non;[10-19];[300-399];[38-47]
F;Private;z_SUV;0;Highly Urban/ Urban;410;non;non;[0-9];[300-399];[58-67]
M;Commercial;Van;2;Highly Urban/ Urban;411;non;oui;[0-9];[300-399];[58-67]
M;Private;Sports Car;0;Highly Urban/ Urban;412;non;non;[10-19];[200-299];[48-57]
F;Private;Pickup;0;Highly Urban/ Urban;413;non;non;;[400-499];[78-87]
F;Private;z_SUV;2;z_Highly Rural/ Rural;414;non;non;[10-19];[400-499];/!\ MINEUR !
M;Commercial;Pickup;0;Highly Urban/ Urban;415;non;non;[10-19];[200-299];[68-77]
F;Private;Pickup;0;Highly Urban/ Urban;416;non;non;;[200-299];[48-57]
M;Private;Pickup;1;Highly Urban/ Urban;417;non;non;[0-9];[300-399];[48-57]
F;Private;z_SUV;7;Highly Urban/ Urban;418;non;oui;[0-9];[300-399];[38-47]
M;Private;Pickup;6;Highly Urban/ Urban;419;non;non;[0-9];[200-299];[68-77]
F;Commercial;Panel Truck;0;Highly Urban/ Urban;420;non;oui;[0-9];[300-399];[28-37]
M;Commercial;Pickup;5;Highly Urban/ Urban;421;oui;oui;[0-9];[300-399];[68-77]
M;Private;Van;11;Highly Urban/ Urban;422;non;non;[10-19];[300-399];/!\ MINEUR !
M;Private;Minivan;2;z_Highly Rural/ Rural;423;non;non;[0-9];[300-399];[58-67]
M;Commercial;Minivan;6;Highly Urban/ Urban;424;non;non;[0-9];[300-399];[78-87]
F;Private;Sports Car;0;Highly Urban/ Urban;425;non;non;[10-19];[200-299];[88-100]
M;Commercial;z_SUV;1;z_Highly Rural/ Rural;426;non;non;[0-9];[400-499];[38-47]
M;Commercial;Minivan;0;Highly Urban/ Urban;427;oui;oui;[0-9];[500-599];[38-47]
F;Private;Minivan;2;Highly Urban/ Urban;428;non;non;[0-9];[300-399];[58-67]
F;Commercial;Panel Truck;6;Highly Urban/ Urban;429;non;non;[10-19];[200-299];[58-67]
F;Private;z_SUV;4;z_Highly Rural/ Rural;430;oui;oui;[10-19];[300-399];[68-77]
F;Commercial;z_SUV;3;Highly Urban/ Urban;431;non;non;[0-9];[200-299];[48-57]
M;Commercial;Panel Truck;1;z_Highly Rural/ Rural;432;non;non;[0-9];[900-1000];[18-27]
F;Commercial;Pickup;0;Highly Urban/ Urban;433;non;non;[10-19];[200-299];[88-100]
F;Private;Minivan;0;Highly Urban/ Urban;434;non;non;[10-19];[200-299];/!\ MINEUR !
F;Commercial;Panel Truck;5;Highly Urban/ Urban;435;non;non;;[300-399];[68-77]
F;Commercial;Pickup;0;Highly Urban/ Urban;436;non;non;[0-9];[200-299];[58-67]
F;Commercial;Pickup;3;Highly Urban/ Urban;437;non;non;[10-19];[200-299];[78-87]
F;Private;Van;0;Highly Urban/ Urban;438;non;oui;[10-19];[300-399];[58-67]
M;Commercial;z_SUV;2;Highly Urban/ Urban;439;non;oui;[0-9];[400-499];[78-87]
F;Private;Sports Car;0;Highly Urban/ Urban;440;non;oui;[0-9];[200-299];[58-67]
F;Commercial;Pickup;0;Highly Urban/ Urban;441;non;non;[0-9];[300-399];[28-37]
F;Private;Pickup;0;Highly Urban/ Urban;442;non;non;;[300-399];[68-77]
F;Commercial;Pickup;0;Highly Urban/ Urban;443;non;non;[10-19];[300-399];[48-57]
F;Commercial;z_SUV;0;Highly Urban/ Urban;444;non;oui;[0-9];[200-299];[88-100]
M;Private;z_SUV;2;Highly Urban/ Urban;445;non;non;[10-19];[200-299];[68-77]
F;Commercial;Pickup;3;Highly Urban/ Urban;446;non;non;[0-9];[300-399];[78-87]
M;Private;z_SUV;4;Highly Urban/ Urban;447;non;oui;[0-9];[200-299];[48-57]
M;Private;z_SUV;1;Highly Urban/ Urban;448;non;oui;[0-9];[200-299];[58-67]
F;Private;z_SUV;2;Highly Urban/ Urban;449;oui;oui;[0-9];[200-299];[68-77]
F;Private;Sports Car;0;Highly Urban/ Urban;450;non;oui;[10-19];[200-299];[78-87]
M;Commercial;Pickup;7;Highly Urban/ Urban;451;non;non;[0-9];[200-299];[28-37]
F;Private;z_SUV;1;Highly Urban/ Urban;452;non;oui;[0-9];[300-399];[88-100]
F;Private;z_SUV;0;Highly Urban/ Urban;453;non;non;[20-29];[400-499];[48-57]
M;Commercial;Van;0;Highly Urban/ Urban;454;non;non;[0-9];[200-299];[38-47]
F;Commercial;Minivan;0;Highly Urban/ Urban;455;non;oui;[10-19];[200-299];[18-27]
F;Commercial;Pickup;0;Highly Urban/ Urban;456;non;non;;[200-299];[28-37]
F;Commercial;Van;5;Highly Urban/ Urban;457;non;non;[0-9];[300-399];[48-57]
F;Private;Sports Car;2;Highly Urban/ Urban;458;non;oui;[0-9];[400-499];[28-37]
M;Private;Pickup;0;Highly Urban/ Urban;459;non;non;[0-9];[200-299];[28-37]
M;Private;Minivan;1;Highly Urban/ Urban;460;oui;oui;[0-9];[200-299];[28-37]
M;Private;z_SUV;0;z_Highly Rural/ Rural;461;non;non;[0-9];[300-399];[58-67]
M;Private;Sports Car;1;Highly Urban/ Urban;462;non;non;[0-9];[200-299];[38-47]
M;Commercial;Panel Truck;0;Highly Urban/ Urban;463;non;non;[10-19];[200-299];[28-37]
F;Private;Minivan;2;Highly Urban/ Urban;464;non;non;[10-19];[200-299];[58-67]
M;Commercial;Pickup;0;z_Highly Rural/ Rural;465;oui;oui;[0-9];[200-299];[68-77]
M;Commercial;Pickup;1;z_Highly Rural/ Rural;466;non;non;[10-19];[200-299];[78-87]
F;Commercial;Van;0;Highly Urban/ Urban;467;oui;oui;;[200-299];/!\ MINEUR !
F;Commercial;Panel Truck;1;Highly Urban/ Urban;468;non;non;;[400-499];/!\ MINEUR !
F;Private;z_SUV;2;Highly Urban/ Urban;469;non;non;[0-9];[300-399];[18-27]
F;Commercial;Minivan;6;Highly Urban/ Urban;470;oui;oui;[0-9];[300-399];[48-57]
F;Private;z_SUV;7;Highly Urban/ Urban;471;non;oui;[0-9];[200-299];[48-57]
M;Private;Minivan;1;Highly Urban/ Urban;472;non;non;[0-9];[200-299];[28-37]
M;Private;z_SUV;7;Highly Urban/ Urban;473;non;oui;[0-9];[400-499];[18-27]
F;Private;Pickup;2;Highly Urban/ Urban;474;non;oui;[0-9];[300-399];/!\ MINEUR !
M;Private;z_SUV;1;Highly Urban/ Urban;475;non;non;[0-9];[200-299];[48-57]
F;Private;z_SUV;8;Highly Urban/ Urban;476;non;oui;[0-9];[200-299];[18-27]
F;Private;z_SUV;1;Highly Urban/ Urban;477;non;non;[0-9];[300-399];[68-77]
M;Commercial;Panel Truck;0;Highly Urban/ Urban;478;non;non;[10-19];[200-299];[28-37]
M;Private;Minivan;0;Highly Urban/ Urban;479;non;non;[10-19];[300-399];[28-37]
F;Commercial;Pickup;1;Highly Urban/ Urban;480;non;non;[0-9];[200-299];[68-77]
F;Private;z_SUV;0;z_Highly Rural/ Rural;481;non;non;[0-9];[300-399];[68-77]
F;Private;Van;6;Highly Urban/ Urban;482;non;oui;[0-9];[200-299];[68-77]
F;Private;z_SUV;0;Highly Urban/ Urban;483;non;oui;;[200-299];[18-27]
F;Private;Minivan;3;Highly Urban/ Urban;484;oui;oui;[0-9];[400-499];[48-57]
F;Private;Sports Car;1;Highly Urban/ Urban;485;non;non;[10-19];[300-399];[68-77]
F;Private;Minivan;0;z_Highly Rural/ Rural;486;non;non;[0-9];[200-299];/!\ MINEUR !
F;Private;Sports Car;1;Highly Urban/ Urban;487;oui;oui;[0-9];[200-299];[18-27]
M;Commercial;z_SUV;0;z_Highly Rural/ Rural;488;non;non;[0-9];[300-399];[58-67]
M;Private;Sports Car;5;Highly Urban/ Urban;489;non;oui;[10-19];[200-299];/!\ MINEUR !
M;Commercial;Minivan;0;Highly Urban/ Urban;490;non;oui;[0-9];[200-299];[28-37]
F;Private;z_SUV;1;Highly Urban/ Urban;491;oui;oui;[10-19];[200-299];[58-67]
M;Private;z_SUV;2;Highly Urban/ Urban;492;non;oui;[0-9];[200-299];[68-77]
F;Commercial;Pickup;2;z_Highly Rural/ Rural;493;non;non;[10-19];[200-299];[68-77]
M;Private;z_SUV;4;Highly Urban/ Urban;494;non;non;[0-9];[300-399];[48-57]
F;Commercial;Panel Truck;4;Highly Urban/ Urban;495;non;non;[0-9];[500-599];/!\ MINEUR !
F;Private;Minivan;3;z_Highly Rural/ Rural;496;non;non;;[300-399];[18-27]
F;Commercial;Van;1;Highly Urban/ Urban;497;non;non;[10-19];[200-299];[68-77]
M;Commercial;Pickup;1;Highly Urban/ Urban;498;oui;oui;[0-9];[300-399];/!\ MINEUR !
M;Private;Pickup;0;Highly Urban/ Urban;499;non;non;[10-19];[300-399];[48-57]
M;Private;z_SUV;1;z_Highly Rural/ Rural;500;non;non;[0-9];[300-399];[88-100]
M;Private;Pickup;0;Highly Urban/ Urban;501;non;non;;[200-299];[18-27]
F;Private;Minivan;0;Highly Urban/ Urban;502;non;non;[10-19];[200-299];[58-67]
F;Private;Pickup;0;z_Highly Rural/ Rural;503;non;non;[10-19];[500-599];[68-77]
F;Private;z_SUV;0;Highly Urban/ Urban;504;non;non;[0-9];[300-399];/!\ MINEUR !
F;Commercial;Pickup;0;Highly Urban/ Urban;505;non;oui;[0-9];[200-299];[58-67]
F;Commercial;Van;2;Highly Urban/ Urban;506;non;non;[10-19];[200-299];[78-87]
F;Private;Pickup;1;z_Highly Rural/ Rural;507;non;non;[0-9];[300-399];[48-57]
M;Commercial;Minivan;0;Highly Urban/ Urban;508;non;non;[0-9];[200-299];[48-57]
F;Commercial;Van;3;Highly Urban/ Urban;509;non;non;[10-19];[400-499];[38-47]
F;Private;Minivan;0;Highly Urban/ Urban;510;non;non;[10-19];[200-299];[48-57]
F;Private;z_SUV;0;Highly Urban/ Urban;511;non;non;[0-9];[200-299];[58-67]
M;Commercial;z_SUV;2;Highly Urban/ Urban;512;non;oui;[0-9];[200-299];[58-67]
F;Commercial;Minivan;1;Highly Urban/ Urban;513;non;non;[10-19];[200-299];[18-27]
M;Commercial;Pickup;0;z_Highly Rural/ Rural;514;non;non;[0-9];[300-399];[58-67]
M;Private;Minivan;0;Highly Urban/ Urban;515;non;non;[20-29];[200-299];[48-57]
M;Private;Minivan;0;Highly Urban/ Urban;516;non;oui;[0-9];[300-399];[48-57]
F;Commercial;Minivan;7;Highly Urban/ Urban;517;non;oui;[0-9];[200-299];[58-67]
F;Commercial;Panel Truck;0;Highly Urban/ Urban;518;non;non;[10-19];[200-299];[28-37]
M;Private;Minivan;0;Highly Urban/ Urban;519;non;non;[20-29];[300-399];[28-37]
F;Commercial;z_SUV;4;Highly Urban/ Urban;520;non;non;[10-19];[500-599];[78-87]
M;Private;Minivan;0;Highly Urban/ Urban;521;non;non;;[300-399];[68-77]
F;Private;z_SUV;2;Highly Urban/ Urban;522;non;non;[0-9];[200-299];[68-77]
M;Commercial;Minivan;0;z_Highly Rural/ Rural;523;oui;oui;[0-9];[300-399];/!\ MINEUR !
M;Private;Minivan;3;Highly Urban/ Urban;524;non;non;;[200-299];/!\ MINEUR !
F;Private;z_SUV;5;Highly Urban/ Urban;525;non;non;[0-9];[200-299];[78-87]
F;Private;Minivan;0;Highly Urban/ Urban;526;non;non;[0-9];[300-399];[58-67]
M;Commercial;Pickup;0;Highly Urban/ Urban;527;non;non;[0-9];[200-299];[28-37]
F;Private;z_SUV;9;Highly Urban/ Urban;528;oui;oui;[0-9];[300-399];[58-67]
M;Commercial;Pickup;0;z_Highly Rural/ Rural;529;non;oui;[0-9];[300-399];[78-87]
M;Private;Sports Car;0;Highly Urban/ Urban;530;non;oui;;[200-299];[78-87]
F;Private;Minivan;0;Highly Urban/ Urban;531;non;non;[0-9];[200-299];[78-87]
M;Commercial;Panel Truck;4;Highly Urban/ Urban;532;non;oui;[0-9];[200-299];[48-57]
M;Commercial;Pickup;2;z_Highly Rural/ Rural;533;oui;oui;[0-9];[200-299];[48-57]
M;Commercial;Pickup;3;Highly Urban/ Urban;534;non;non;[0-9];[200-299];[88-100]
M;Commercial;Pickup;2;z_Highly Rural/ Rural;535;non;oui;[10-19];[300-399];[68-77]
M;Private;Pickup;3;Highly Urban/ Urban;536;non;oui;[0-9];[200-299];[38-47]
F;Commercial;z_SUV;1;Highly Urban/ Urban;537;non;non;[0-9];[200-299];[58-67]
F;Private;Minivan;2;z_Highly Rural/ Rural;538;non;oui;;[200-299];[58-67]
F;Private;Sports Car;2;z_Highly Rural/ Rural;539;non;oui;[0-9];[200-299];[28-37]
F;Private;Pickup;1;Highly Urban/ Urban;540;non;non;[0-9];[200-299];[48-57]
M;Private;Pickup;2;Highly Urban/ Urban;541;non;non;[10-19];[300-399];/!\ MINEUR !
F;Private;Sports Car;7;Highly Urban/ Urban;542;oui;oui;[10-19];[200-299];/!\ MINEUR !
M;Private;Minivan;2;Highly Urban/ Urban;543;non;non;[10-19];[200-299];[88-100]
M;Private;Minivan;0;z_Highly Rural/ Rural;544;non;non;[10-19];[300-399];[78-87]
F;Private;Sports Car;0;Highly Urban/ Urban;545;non;non;[0-9];[300-399];[48-57]
F;Commercial;Panel Truck;0;z_Highly Rural/ Rural;546;oui;oui;[10-19];[300-399];[78-87]
M;Private;Sports Car;2;Highly Urban/ Urban;547;non;non;[0-9];[200-299];[58-67]
M;Private;z_SUV;3;Highly Urban/ Urban;548;non;non;[0-9];[200-299];[28-37]
F;Private;Sports Car;0;Highly Urban/ Urban;549;non;non;[0-9];[200-299];[68-77]
M;Private;z_SUV;3;Highly Urban/ Urban;550;non;non;[10-19];[200-299];[68-77]
F;Private;Pickup;2;z_Highly Rural/ Rural;551;non;oui;[10-19];[400-499];[28-37]
M;Private;z_SUV;0;Highly Urban/ Urban;552;non;non;[10-19];[300-399];[28-37]
M;Private;Sports Car;0;Highly Urban/ Urban;553;non;non;[20-29];[300-399];[68-77]
M;Commercial;z_SUV;4;Highly Urban/ Urban;554;non;non;[0-9];[300-399];[78-87]
M;Commercial;z_SUV;0;Highly Urban/ Urban;555;non;non;[0-9];[300-399];[38-47]
M;Commercial;Pickup;1;Highly Urban/ Urban;556;oui;oui;[0-9];[200-299];[88-100]
M;Private;Minivan;0;z_Highly Rural/ Rural;557;non;non;[0-9];[200-299];/!\ MINEUR !
M;Private;Minivan;0;Highly Urban/ Urban;558;non;oui;;[300-399];/!\ MINEUR !
F;Commercial;Panel Truck;0;Highly Urban/ Urban;559;non;non;;[300-399];[58-67]
M;Private;Pickup;4;Highly Urban/ Urban;560;non;non;[0-9];[300-399];[88-100]
M;Private;Minivan;0;Highly Urban/ Urban;561;non;non;[10-19];[200-299];/!\ MINEUR !
M;Private;Sports Car;0;Highly Urban/ Urban;562;non;non;[10-19];[300-399];[18-27]
M;Commercial;Van;3;Highly Urban/ Urban;563;non;non;[10-19];[300-399];[28-37]
M;Private;Minivan;1;Highly Urban/ Urban;564;non;oui;[10-19];[200-299];[48-57]
F;Private;Van;0;Highly Urban/ Urban;565;non;oui;[0-9];[200-299];[18-27]
M;Private;z_SUV;4;Highly Urban/ Urban;566;oui;oui;[10-19];[200-299];[18-27]
F;Private;z_SUV;0;Highly Urban/ Urban;567;non;non;[0-9];[200-299];[48-57]
M;Private;Pickup;1;Highly Urban/ Urban;568;oui;oui;[0-9];[300-399];/!\ MINEUR !
F;Private;Pickup;0;Highly Urban/ Urban;569;non;non;[10-19];[200-299];[78-87]
M;Private;z_SUV;4;Highly Urban/ Urban;570;non;non;[10-19];[200-299];[28-37]
F;Private;Minivan;0;Highly Urban/ Urban;571;non;non;[10-19];[300-399];[58-67]
F;Commercial;Panel Truck;0;Highly Urban/ Urban;572;non;oui;[20-29];[500-599];[18-27]
F;Commercial;Pickup;3;Highly Urban/ Urban;573;non;non;[10-19];[200-299];[58-67]
F;Private;z_SUV;4;Highly Urban/ Urban;574;non;non;[10-19];[200-299];[68-77]
F;Private;Pickup;0;z_Highly Rural/ Rural;575;non;non;[10-19];[200-299];/!\ MINEUR !
M;Commercial;Van;4;Highly Urban/ Urban;576;non;oui;[0-9];[200-299];[78-87]
F;Private;Pickup;0;Highly Urban/ Urban;577;non;non;[10-19];[200-299];[58-67]
M;Commercial;Minivan;1;Highly Urban/ Urban;578;non;non;[10-19];[200-299];/!\ MINEUR !
M;Private;Minivan;3;Highly Urban/ Urban;579;non;non;[0-9];[300-399];[48-57]
M;Private;z_SUV;8;Highly Urban/ Urban;580;non;non;[0-9];[300-399];[38-47]
M;Private;Minivan;2;Highly Urban/ Urban;581;non;oui;[0-9];[300-399];[48-57]
M;Commercial;Panel Truck;0;Highly Urban/ Urban;582;non;oui;[10-19];[200-299];[48-57]
M;Private;Minivan;1;Highly Urban/ Urban;583;non;oui;[10-19];[200-299];[48-57]
M;Private;Minivan;0;z_Highly Rural/ Rural;584;non;non;[0-9];[300-399];[88-100]
F;Commercial;Minivan;0;Highly Urban/ Urban;585;non;non;;[300-399];[38-47]
M;Private;Sports Car;2;Highly Urban/ Urban;586;non;non;[0-9];[300-399];[88-100]
M;Private;z_SUV;1;Highly Urban/ Urban;587;oui;oui;[0-9];[400-499];[88-100]
M;Private;z_SUV;0;z_Highly Rural/ Rural;588;non;oui;[10-19];[400-499];[78-87]
M;Private;z_SUV;5;Highly Urban/ Urban;589;non;non;[0-9];[200-299];[58-67]
M;Private;z_SUV;0;z_Highly Rural/ Rural;590;oui;oui;[0-9];[200-299];[28-37]
F;Private;Pickup;0;Highly Urban/ Urban;591;non;non;[0-9];[200-299];[78-87]
F;Commercial;Panel Truck;5;Highly Urban/ Urban;592;non;non;[10-19];[300-399];[48-57]
M;Private;Van;6;Highly Urban/ Urban;593;non;non;;[200-299];/!\ MINEUR !
M;Private;z_SUV;0;Highly Urban/ Urban;594;non;oui;[10-19];[300-399];/!\ MINEUR !
F;Private;z_SUV;0;Highly Urban/ Urban;595;non;non;[0-9];[300-399];[78-87]
M;Private;Sports Car;1;Highly Urban/ Urban;596;non;non;[10-19];[200-299];[78-87]
M;Private;Minivan;2;z_Highly Rural/ Rural;597;non;non;[0-9];[300-399];[38-47]
M;Private;Minivan;2;Highly Urban/ Urban;598;non;non;[10-19];[200-299];[88-100]
M;Private;Sports Car;2;z_Highly Rural/ Rural;599;non;non;[20-29];[400-499];[58-67]
F;Commercial;Pickup;7;Highly Urban/ Urban;600;non;oui;[0-9];[200-299];[28-37]
M;Commercial;Pickup;2;z_Highly Rural/ Rural;601;oui;oui;[0-9];[300-399];[48-57]
M;Commercial;z_SUV;1;Highly Urban/ Urban;602;oui;oui;[10-19];[200-299];[58-67]
F;Private;Minivan;0;Highly Urban/ Urban;603;oui;oui;[10-19];[300-399];[58-67]
M;Commercial;Panel Truck;0;Highly Urban/ Urban;604;non;non;[0-9];[200-299];[58-67]
F;Commercial;z_SUV;3;Highly Urban/ Urban;605;non;non;[0-9];[400-499];/!\ MINEUR !
M;Private;Sports Car;0;z_Highly Rural/ Rural;606;non;non;[0-9];[400-499];[28-37]
F;Private;Minivan;1;Highly Urban/ Urban;607;non;oui;[10-19];[300-399];[58-67]
M;Commercial;Van;0;Highly Urban/ Urban;608;non;non;[10-19];[400-499];[48-57]
M;Commercial;Minivan;2;Highly Urban/ Urban;609;non;non;[0-9];[200-299];[68-77]
F;Commercial;z_SUV;0;z_Highly Rural/ Rural;610;non;oui;[0-9];[200-299];/!\ MINEUR !
M;Private;Minivan;0;Highly Urban/ Urban;611;non;non;[0-9];[300-399];[58-67]
M;Private;Minivan;0;Highly Urban/ Urban;612;non;oui;[10-19];[300-399];[18-27]
F;Private;z_SUV;0;z_Highly Rural/ Rural;613;non;non;[10-19];[300-399];[28-37]
M;Commercial;Minivan;0;Highly Urban/ Urban;614;non;non;[0-9];[400-499];/!\ MINEUR !
M;Private;Van;0;Highly Urban/ Urban;615;non;non;[10-19];[300-399];/!\ MINEUR !
F;Private;Sports Car;4;Highly Urban/ Urban;616;non;non;[20-29];[200-299];[68-77]
F;Private;z_SUV;1;z_Highly Rural/ Rural;617;non;non;[10-19];[300-399];/!\ MINEUR !
M;Private;Sports Car;0;Highly Urban/ Urban;618;oui;oui;[10-19];[300-399];[48-57]
F;Commercial;Sports Car;2;Highly Urban/ Urban;619;non;non;;[200-299];/!\ MINEUR !
F;Private;Minivan;2;z_Highly Rural/ Rural;620;non;non;;[200-299];[28-37]
M;Private;Minivan;3;Highly Urban/ Urban;621;non;oui;[0-9];[300-399];[68-77]
F;Commercial;Panel Truck;0;z_Highly Rural/ Rural;622;non;non;[10-19];[200-299];[18-27]
M;Private;Sports Car;3;Highly Urban/ Urban;623;non;non;[10-19];[200-299];[18-27]
M;Private;Pickup;0;Highly Urban/ Urban;624;non;non;[10-19];[200-299];[18-27]
M;Commercial;Sports Car;1;Highly Urban/ Urban;625;non;non;[10-19];[300-399];[18-27]
M;Private;Van;0;Highly Urban/ Urban;626;non;non;[10-19];[300-399];[18-27]
M;Private;Pickup;3;z_Highly Rural/ Rural;627;non;non;[0-9];[500-599];/!\ MINEUR !
F;Private;Minivan;2;Highly Urban/ Urban;628;non;non;[10-19];[200-299];[58-67]
M;Private;Minivan;0;Highly Urban/ Urban;629;non;non;[10-19];[200-299];/!\ MINEUR !
M;Commercial;Minivan;0;Highly Urban/ Urban;630;non;non;[0-9];[400-499];[38-47]
M;Private;Sports Car;4;Highly Urban/ Urban;631;non;non;[0-9];[200-299];[38-47]
M;Private;Pickup;0;Highly Urban/ Urban;632;non;non;[0-9];[300-399];[18-27]
M;Private;Minivan;1;Highly Urban/ Urban;633;non;non;[10-19];[300-399];/!\ MINEUR !
F;Private;Sports Car;2;Highly Urban/ Urban;634;non;non;[0-9];[200-299];[88-100]
F;Commercial;Van;1;Highly Urban/ Urban;635;non;oui;[0-9];[200-299];/!\ MINEUR !
F;Commercial;Pickup;4;Highly Urban/ Urban;636;oui;oui;[10-19];[300-399];[18-27]
F;Commercial;Panel Truck;0;z_Highly Rural/ Rural;637;non;non;;[300-399];[18-27]
F;Private;z_SUV;0;z_Highly Rural/ Rural;638;non;non;[0-9];[200-299];[58-67]
F;Commercial;Pickup;2;Highly Urban/ Urban;639;non;oui;[0-9];[200-299];[68-77]
F;Commercial;Pickup;1;Highly Urban/ Urban;640;non;non;[0-9];[300-399];[78-87]
M;Private;Sports Car;4;Highly Urban/ Urban;641;oui;oui;[0-9];[400-499];[58-67]
F;Private;Minivan;0;Highly Urban/ Urban;642;non;non;[0-9];[300-399];/!\ MINEUR !
F;Private;z_SUV;0;z_Highly Rural/ Rural;643;non;non;[0-9];[200-299];[28-37]
M;Private;Minivan;2;z_Highly Rural/ Rural;644;oui;oui;[0-9];[300-399];[48-57]
F;Private;Minivan;6;Highly Urban/ Urban;645;non;non;[10-19];[300-399];[48-57]
F;Private;z_SUV;0;Highly Urban/ Urban;646;non;non;[0-9];[300-399];[18-27]
M;Private;Minivan;0;Highly Urban/ Urban;647;non;oui;[20-29];[200-299];[68-77]
M;Commercial;Minivan;1;z_Highly Rural/ Rural;648;non;non;[0-9];[300-399];[58-67]
M;Commercial;Pickup;0;Highly Urban/ Urban;649;non;non;[10-19];[300-399];[28-37]
F;Private;Sports Car;0;Highly Urban/ Urban;650;non;oui;;[300-399];[28-37]
M;Commercial;z_SUV;1;z_Highly Rural/ Rural;651;non;non;[0-9];[300-399];[58-67]
F;Private;z_SUV;0;Highly Urban/ Urban;652;non;non;[0-9];[300-399];[58-67]
M;Commercial;Minivan;6;Highly Urban/ Urban;653;non;oui;[0-9];[200-299];[68-77]
F;Commercial;Panel Truck;0;Highly Urban/ Urban;654;oui;oui;[10-19];[800-899];[38-47]
M;Commercial;z_SUV;0;Highly Urban/ Urban;655;non;oui;[0-9];[300-399];[48-57]
F;Private;z_SUV;0;z_Highly Rural/ Rural;656;non;non;[0-9];[300-399];[68-77]
M;Commercial;Van;1;Highly Urban/ Urban;657;oui;oui;[0-9];[200-299];[48-57]
F;Private;z_SUV;2;z_Highly Rural/ Rural;658;oui;oui;[0-9];[300-399];[68-77]
F;Private;Minivan;1;Highly Urban/ Urban;659;non;non;[10-19];[300-399];[68-77]
F;Commercial;Pickup;1;Highly Urban/ Urban;660;non;non;[0-9];[300-399];[78-87]
F;Commercial;Pickup;4;z_Highly Rural/ Rural;661;non;non;[10-19];[300-399];[18-27]
M;Private;Van;2;z_Highly Rural/ Rural;662;non;non;[20-29];[900-1000];[68-77]
M;Private;Minivan;5;Highly Urban/ Urban;663;non;oui;[10-19];[500-599];[48-57]
M;Private;Sports Car;0;Highly Urban/ Urban;664;non;non;[0-9];[300-399];[38-47]
M;Commercial;Pickup;4;Highly Urban/ Urban;665;oui;oui;[10-19];[300-399];[38-47]
M;Private;z_SUV;0;Highly Urban/ Urban;666;oui;oui;[0-9];[500-599];[68-77]
M;Private;Minivan;0;Highly Urban/ Urban;667;non;non;[10-19];[300-399];/!\ MINEUR !
F;Commercial;Minivan;4;Highly Urban/ Urban;668;non;non;[10-19];[300-399];[48-57]
F;Private;z_SUV;2;Highly Urban/ Urban;669;non;non;[0-9];[300-399];/!\ MINEUR !
M;Private;z_SUV;4;Highly Urban/ Urban;670;oui;oui;[10-19];[300-399];[18-27]
F;Commercial;z_SUV;3;z_Highly Rural/ Rural;671;non;oui;[0-9];[200-299];[18-27]
M;Private;z_SUV;1;z_Highly Rural/ Rural;672;non;oui;[0-9];[200-299];[38-47]
M;Private;Pickup;1;z_Highly Rural/ Rural;673;non;oui;[0-9];[200-299];[58-67]
F;Commercial;Pickup;1;Highly Urban/ Urban;674;non;non;[0-9];[200-299];[38-47]
M;Commercial;Minivan;0;z_Highly Rural/ Rural;675;non;non;[0-9];[200-299];[78-87]
M;Commercial;Pickup;4;Highly Urban/ Urban;676;non;oui;[10-19];[300-399];[78-87]
F;Commercial;z_SUV;5;Highly Urban/ Urban;677;non;oui;[10-19];[200-299];[58-67]
F;Private;Minivan;5;Highly Urban/ Urban;678;non;non;[10-19];[200-299];[28-37]
M;Commercial;z_SUV;3;Highly Urban/ Urban;679;oui;oui;[0-9];[200-299];[68-77]
M;Private;Minivan;0;z_Highly Rural/ Rural;680;non;non;[0-9];[300-399];[18-27]
F;Commercial;Van;1;Highly Urban/ Urban;681;oui;oui;[0-9];[200-299];/!\ MINEUR !
M;Commercial;Van;0;Highly Urban/ Urban;682;non;non;[0-9];[300-399];[18-27]
M;Private;z_SUV;0;z_Highly Rural/ Rural;683;non;non;[0-9];[200-299];[68-77]
F;Private;Minivan;1;Highly Urban/ Urban;684;non;non;[0-9];[400-499];[68-77]
F;Commercial;z_SUV;1;Highly Urban/ Urban;685;non;oui;[0-9];[300-399];[28-37]
F;Private;z_SUV;0;Highly Urban/ Urban;686;non;non;[10-19];[200-299];/!\ MINEUR !
M;Private;Minivan;0;Highly Urban/ Urban;687;non;non;[0-9];[200-299];[58-67]
M;Commercial;Van;2;z_Highly Rural/ Rural;688;non;non;[0-9];[300-399];[58-67]
M;Commercial;Minivan;0;Highly Urban/ Urban;689;non;non;[0-9];[200-299];[78-87]
F;Commercial;Pickup;0;Highly Urban/ Urban;690;non;oui;[0-9];[400-499];[28-37]
M;Private;Minivan;0;Highly Urban/ Urban;691;non;non;[10-19];[400-499];[38-47]
M;Private;Minivan;0;Highly Urban/ Urban;692;non;non;[20-29];[300-399];[78-87]
F;Commercial;Pickup;4;Highly Urban/ Urban;693;non;non;[0-9];[400-499];/!\ MINEUR !
F;Private;z_SUV;1;Highly Urban/ Urban;694;non;non;[0-9];[200-299];[38-47]
F;Private;Pickup;2;Highly Urban/ Urban;695;non;non;[0-9];[200-299];[48-57]
M;Private;Minivan;2;Highly Urban/ Urban;696;non;non;[10-19];[200-299];/!\ MINEUR !
M;Private;Minivan;0;Highly Urban/ Urban;697;non;non;[10-19];[200-299];[48-57]
M;Private;Minivan;1;z_Highly Rural/ Rural;698;non;non;[10-19];[200-299];[28-37]
M;Private;z_SUV;1;Highly Urban/ Urban;699;non;oui;[10-19];[200-299];[48-57]
F;Private;Minivan;6;z_Highly Rural/ Rural;700;non;oui;[0-9];[200-299];[58-67]
M;Private;z_SUV;0;z_Highly Rural/ Rural;701;oui;oui;[0-9];[300-399];[58-67]
F;Commercial;Minivan;0;z_Highly Rural/ Rural;702;non;non;[0-9];[300-399];[38-47]
M;Commercial;Panel Truck;5;Highly Urban/ Urban;703;non;non;[0-9];[600-699];[78-87]
F;Private;Minivan;3;Highly Urban/ Urban;704;non;non;[0-9];[500-599];[48-57]
M;Private;z_SUV;0;Highly Urban/ Urban;705;non;oui;[0-9];[200-299];[58-67]
F;Commercial;Pickup;6;Highly Urban/ Urban;706;non;non;[0-9];[200-299];/!\ MINEUR !
F;Commercial;Minivan;1;z_Highly Rural/ Rural;707;non;non;[0-9];[200-299];[68-77]
F;Private;Van;1;Highly Urban/ Urban;708;oui;oui;;[200-299];[18-27]
F;Private;Minivan;0;Highly Urban/ Urban;709;non;non;[0-9];[200-299];/!\ MINEUR !
F;Commercial;Van;3;Highly Urban/ Urban;710;non;non;[20-29];[300-399];[48-57]
M;Commercial;z_SUV;0;Highly Urban/ Urban;711;non;non;[0-9];[400-499];[68-77]
F;Private;Sports Car;0;Highly Urban/ Urban;712;non;non;[10-19];[200-299];/!\ MINEUR !
M;Commercial;Panel Truck;1;Highly Urban/ Urban;713;non;non;;[200-299];[68-77]
F;Commercial;z_SUV;0;Highly Urban/ Urban;714;oui;oui;[0-9];[400-499];[78-87]
F;Private;Van;0;Highly Urban/ Urban;715;non;non;[0-9];[200-299];[68-77]
M;Commercial;Sports Car;2;Highly Urban/ Urban;716;oui;oui;[0-9];[300-399];[78-87]
M;Private;Pickup;0;Highly Urban/ Urban;717;non;non;[10-19];[400-499];/!\ MINEUR !
M;Commercial;Panel Truck;0;Highly Urban/ Urban;718;non;non;[0-9];[300-399];[18-27]
F;Private;z_SUV;0;Highly Urban/ Urban;719;non;oui;[10-19];[300-399];[18-27]
M;Private;Sports Car;0;Highly Urban/ Urban;720;non;non;[10-19];[200-299];[28-37]
M;Private;z_SUV;0;z_Highly Rural/ Rural;721;non;non;[0-9];[200-299];[58-67]
M;Private;z_SUV;0;Highly Urban/ Urban;722;non;oui;[0-9];[200-299];[68-77]
M;Private;Minivan;2;Highly Urban/ Urban;723;non;oui;[0-9];[200-299];[48-57]
M;Private;Minivan;2;Highly Urban/ Urban;724;non;oui;[10-19];[200-299];[58-67]
F;Commercial;Van;8;Highly Urban/ Urban;725;non;non;[10-19];[300-399];[18-27]
M;Private;Van;0;Highly Urban/ Urban;726;non;non;[0-9];[200-299];[78-87]
M;Commercial;z_SUV;4;Highly Urban/ Urban;727;oui;oui;[0-9];[200-299];/!\ MINEUR !
F;Commercial;Pickup;0;Highly Urban/ Urban;728;non;non;[10-19];[200-299];/!\ MINEUR !
F;Commercial;Sports Car;3;Highly Urban/ Urban;729;non;non;[0-9];[300-399];[28-37]
M;Commercial;Pickup;0;z_Highly Rural/ Rural;730;non;oui;[0-9];[300-399];[58-67]
M;Private;Minivan;4;Highly Urban/ Urban;731;non;oui;[0-9];[300-399];[68-77]
M;Private;z_SUV;4;Highly Urban/ Urban;732;non;non;[10-19];[200-299];[38-47]
F;Private;Minivan;0;Highly Urban/ Urban;733;non;oui;;[300-399];[58-67]
F;Commercial;Van;3;Highly Urban/ Urban;734;non;non;[10-19];[300-399];[38-47]
M;Private;Minivan;1;Highly Urban/ Urban;735;non;non;[0-9];[200-299];/!\ MINEUR !
M;Commercial;Sports Car;0;Highly Urban/ Urban;736;non;non;[0-9];[200-299];/!\ MINEUR !
F;Private;z_SUV;6;z_Highly Rural/ Rural;737;non;oui;[0-9];[200-299];/!\ MINEUR !
M;Commercial;Minivan;0;Highly Urban/ Urban;738;oui;oui;[0-9];[300-399];[48-57]
F;Commercial;Panel Truck;4;Highly Urban/ Urban;739;non;non;[0-9];[200-299];[58-67]
M;Private;z_SUV;0;Highly Urban/ Urban;740;non;non;[0-9];[300-399];[18-27]
F;Private;z_SUV;3;Highly Urban/ Urban;741;non;oui;[10-19];[200-299];[58-67]
M;Private;Van;2;Highly Urban/ Urban;742;non;non;[0-9];[500-599];[18-27]
M;Private;z_SUV;0;z_Highly Rural/ Rural;743;non;oui;[0-9];[300-399];[58-67]
M;Private;Van;3;Highly Urban/ Urban;744;oui;oui;[10-19];[300-399];[48-57]
M;Commercial;Minivan;3;z_Highly Rural/ Rural;745;non;oui;[0-9];[200-299];[58-67]
M;Private;Minivan;0;z_Highly Rural/ Rural;746;non;non;[0-9];[300-399];[48-57]
M;Commercial;Minivan;0;Highly Urban/ Urban;747;non;non;[0-9];[200-299];[58-67]
M;Commercial;z_SUV;0;z_Highly Rural/ Rural;748;non;oui;[10-19];[300-399];[58-67]
M;Private;Minivan;1;Highly Urban/ Urban;749;non;oui;[10-19];[200-299];[68-77]
F;Private;z_SUV;5;Highly Urban/ Urban;750;non;non;[0-9];[200-299];[68-77]
M;Commercial;z_SUV;0;Highly Urban/ Urban;751;non;non;[0-9];[300-399];[28-37]
M;Commercial;Pickup;3;Highly Urban/ Urban;752;oui;oui;[0-9];[300-399];/!\ MINEUR !
M;Private;z_SUV;4;Highly Urban/ Urban;753;non;non;[0-9];[200-299];[68-77]
F;Private;Minivan;0;Highly Urban/ Urban;754;non;non;[20-29];[200-299];[28-37]
M;Commercial;Panel Truck;1;Highly Urban/ Urban;755;non;non;[0-9];[200-299];[48-57]
M;Private;Pickup;2;Highly Urban/ Urban;756;non;non;[0-9];[300-399];[38-47]
F;Commercial;Pickup;7;Highly Urban/ Urban;757;non;oui;[0-9];[200-299];[48-57]
M;Private;Sports Car;1;Highly Urban/ Urban;758;non;non;[0-9];[300-399];[58-67]
F;Private;Sports Car;1;Highly Urban/ Urban;759;non;non;[10-19];[300-399];[28-37]
M;Private;Minivan;2;Highly Urban/ Urban;760;non;oui;[10-19];[200-299];/!\ MINEUR !
F;Private;z_SUV;2;Highly Urban/ Urban;761;non;non;[10-19];[300-399];[38-47]
F;Private;z_SUV;0;Highly Urban/ Urban;762;non;non;[10-19];[300-399];[48-57]
M;Commercial;Pickup;2;Highly Urban/ Urban;763;oui;oui;[0-9];[200-299];/!\ MINEUR !
F;Private;Minivan;0;Highly Urban/ Urban;764;non;non;[0-9];[300-399];[48-57]
M;Commercial;Pickup;0;Highly Urban/ Urban;765;non;oui;[10-19];[300-399];/!\ MINEUR !
M;Private;z_SUV;2;Highly Urban/ Urban;766;non;non;[10-19];[200-299];[88-100]
F;Private;Pickup;2;Highly Urban/ Urban;767;non;non;[10-19];[300-399];[18-27]
M;Private;Sports Car;0;Highly Urban/ Urban;768;oui;oui;[0-9];[300-399];[68-77]
F;Commercial;Pickup;1;z_Highly Rural/ Rural;769;non;oui;[0-9];[300-399];[58-67]
M;Private;Minivan;2;Highly Urban/ Urban;770;non;non;[10-19];[300-399];[48-57]
M;Private;z_SUV;4;Highly Urban/ Urban;771;non;non;[0-9];[300-399];/!\ MINEUR !
M;Commercial;Minivan;1;Highly Urban/ Urban;772;non;non;[0-9];[300-399];[28-37]
F;Private;Minivan;0;Highly Urban/ Urban;773;non;non;[0-9];[200-299];[48-57]
M;Commercial;Pickup;3;Highly Urban/ Urban;774;non;non;[10-19];[200-299];[68-77]
M;Commercial;Van;2;Highly Urban/ Urban;775;non;non;[0-9];[200-299];[28-37]
M;Private;z_SUV;2;Highly Urban/ Urban;776;non;non;[10-19];[300-399];[68-77]
M;Commercial;Pickup;0;Highly Urban/ Urban;777;non;non;[10-19];[200-299];[58-67]
M;Commercial;Pickup;4;Highly Urban/ Urban;778;non;non;[0-9];[300-399];[58-67]
F;Commercial;Panel Truck;0;Highly Urban/ Urban;779;non;non;[10-19];[300-399];[28-37]
M;Commercial;Panel Truck;0;Highly Urban/ Urban;780;non;oui;[10-19];[200-299];[58-67]
F;Commercial;z_SUV;1;z_Highly Rural/ Rural;781;non;oui;[0-9];[200-299];[38-47]
M;Private;Minivan;1;z_Highly Rural/ Rural;782;non;non;[10-19];[400-499];[58-67]
F;Private;z_SUV;3;Highly Urban/ Urban;783;oui;oui;[20-29];[200-299];/!\ MINEUR !
M;Private;Minivan;2;Highly Urban/ Urban;784;non;non;[10-19];[200-299];[38-47]
M;Private;Minivan;1;Highly Urban/ Urban;785;non;non;[10-19];[400-499];[48-57]
M;Commercial;Pickup;1;Highly Urban/ Urban;786;non;non;[10-19];[300-399];[58-67]
F;Commercial;Minivan;0;z_Highly Rural/ Rural;787;non;non;[0-9];[300-399];[58-67]
M;Private;Pickup;3;Highly Urban/ Urban;788;non;non;[10-19];[200-299];[58-67]
M;Commercial;Panel Truck;0;Highly Urban/ Urban;789;non;non;[10-19];[200-299];[78-87]
F;Private;Minivan;1;Highly Urban/ Urban;790;non;non;[0-9];[300-399];[78-87]
F;Private;z_SUV;4;Highly Urban/ Urban;791;non;oui;[0-9];[300-399];[78-87]
M;Commercial;Pickup;1;Highly Urban/ Urban;792;non;non;[10-19];[200-299];[58-67]
M;Commercial;Van;0;Highly Urban/ Urban;793;non;oui;[10-19];[300-399];[78-87]
M;Commercial;z_SUV;1;Highly Urban/ Urban;794;non;non;[0-9];[200-299];[48-57]
F;Private;z_SUV;0;Highly Urban/ Urban;795;oui;oui;[10-19];[400-499];[68-77]
M;Commercial;Sports Car;0;Highly Urban/ Urban;796;non;non;[0-9];[200-299];[68-77]
M;Private;Minivan;0;Highly Urban/ Urban;797;non;non;[10-19];[200-299];[48-57]
F;Private;z_SUV;0;Highly Urban/ Urban;798;non;non;[0-9];[300-399];[28-37]
F;Private;Minivan;0;Highly Urban/ Urban;799;non;oui;[10-19];[200-299];[58-67]
M;Private;Pickup;0;Highly Urban/ Urban;800;non;non;[10-19];[300-399];[78-87]
F;Private;Minivan;0;z_Highly Rural/ Rural;801;non;non;[0-9];[200-299];[88-100]
F;Private;Minivan;0;Highly Urban/ Urban;802;non;oui;[0-9];[300-399];[58-67]
M;Commercial;Sports Car;7;Highly Urban/ Urban;803;non;oui;[0-9];[200-299];[58-67]
F;Private;Van;4;Highly Urban/ Urban;804;non;non;[0-9];[200-299];[18-27]
F;Private;Pickup;1;Highly Urban/ Urban;805;non;non;[0-9];[300-399];/!\ MINEUR !
M;Commercial;z_SUV;0;Highly Urban/ Urban;806;non;oui;[10-19];[400-499];/!\ MINEUR !
F;Private;z_SUV;0;Highly Urban/ Urban;807;non;non;[10-19];[300-399];[58-67]
M;Commercial;Panel Truck;6;Highly Urban/ Urban;808;non;non;[10-19];[200-299];[48-57]
M;Private;z_SUV;2;Highly Urban/ Urban;809;non;oui;[10-19];[200-299];[68-77]
M;Commercial;z_SUV;2;z_Highly Rural/ Rural;810;non;oui;[0-9];[300-399];[58-67]
M;Commercial;Panel Truck;0;Highly Urban/ Urban;811;non;non;[0-9];[300-399];[48-57]
F;Commercial;Panel Truck;0;Highly Urban/ Urban;812;non;non;[10-19];[200-299];[38-47]
F;Private;Minivan;1;Highly Urban/ Urban;813;non;oui;[0-9];[300-399];[78-87]
M;Private;Pickup;0;Highly Urban/ Urban;814;non;oui;[0-9];[300-399];[58-67]
M;Private;z_SUV;4;z_Highly Rural/ Rural;815;non;oui;[0-9];[200-299];[68-77]
F;Private;Minivan;0;Highly Urban/ Urban;816;non;non;[20-29];[300-399];[58-67]
M;Commercial;Pickup;1;Highly Urban/ Urban;817;non;non;[20-29];[400-499];[28-37]
M;Commercial;Van;0;Highly Urban/ Urban;818;oui;oui;[10-19];[400-499];/!\ MINEUR !
F;Private;Pickup;5;Highly Urban/ Urban;819;oui;oui;[0-9];[200-299];[58-67]
M;Commercial;Minivan;6;Highly Urban/ Urban;820;non;oui;[10-19];[300-399];[68-77]
F;Private;Van;4;Highly Urban/ Urban;821;non;non;[10-19];[200-299];[58-67]
F;Private;z_SUV;3;Highly Urban/ Urban;822;non;oui;[0-9];[200-299];[68-77]
F;Commercial;z_SUV;1;Highly Urban/ Urban;823;non;oui;[0-9];[200-299];[18-27]
M;Private;Minivan;8;Highly Urban/ Urban;824;non;oui;[10-19];[300-399];[68-77]
M;Commercial;z_SUV;9;Highly Urban/ Urban;825;non;oui;[0-9];[300-399];[68-77]
M;Private;z_SUV;0;Highly Urban/ Urban;826;non;non;[10-19];[200-299];[58-67]
F;Commercial;Van;4;Highly Urban/ Urban;827;non;non;[0-9];[300-399];[58-67]
F;Private;Minivan;3;Highly Urban/ Urban;828;non;non;[10-19];[200-299];/!\ MINEUR !
F;Private;Minivan;0;Highly Urban/ Urban;829;non;non;[0-9];[300-399];[58-67]
M;Commercial;Van;0;Highly Urban/ Urban;830;non;non;[10-19];[200-299];[58-67]
F;Private;Minivan;1;Highly Urban/ Urban;831;non;non;[0-9];[200-299];[18-27]
M;Private;z_SUV;2;Highly Urban/ Urban;832;oui;oui;[0-9];[200-299];[78-87]
F;Commercial;Pickup;3;z_Highly Rural/ Rural;833;non;non;;[200-299];[38-47]
F;Private;z_SUV;0;z_Highly Rural/ Rural;834;non;non;[0-9];[300-399];/!\ MINEUR !
M;Private;z_SUV;3;Highly Urban/ Urban;835;non;non;[0-9];[200-299];[38-47]
M;Private;z_SUV;4;Highly Urban/ Urban;836;non;non;[0-9];[400-499];/!\ MINEUR !
F;Commercial;Van;4;Highly Urban/ Urban;837;non;non;[10-19];[200-299];[58-67]
M;Private;z_SUV;7;Highly Urban/ Urban;838;non;non;[10-19];[200-299];[58-67]
M;Private;Pickup;0;Highly Urban/ Urban;839;non;non;[0-9];[500-599];/!\ MINEUR !
F;Commercial;Van;4;Highly Urban/ Urban;840;non;non;[0-9];[400-499];[58-67]
F;Private;z_SUV;0;Highly Urban/ Urban;841;oui;oui;[0-9];[900-1000];[38-47]
F;Commercial;Panel Truck;0;Highly Urban/ Urban;842;non;non;[10-19];[200-299];/!\ MINEUR !
M;Private;Minivan;4;z_Highly Rural/ Rural;843;non;non;[0-9];[300-399];[18-27]
F;Commercial;Panel Truck;4;Highly Urban/ Urban;844;non;oui;[0-9];[200-299];[78-87]
F;Commercial;Pickup;0;z_Highly Rural/ Rural;845;oui;oui;[0-9];[200-299];[18-27]
F;Commercial;Panel Truck;1;Highly Urban/ Urban;846;non;non;[10-19];[300-399];[38-47]
M;Private;Van;0;Highly Urban/ Urban;847;non;non;[0-9];[200-299];[48-57]
F;Private;z_SUV;0;Highly Urban/ Urban;848;non;oui;[10-19];[500-599];[78-87]
M;Commercial;Pickup;2;Highly Urban/ Urban;849;non;non;[10-19];[400-499];[58-67]
F;Private;z_SUV;6;Highly Urban/ Urban;850;non;non;[10-19];[400-499];[28-37]
F;Private;Minivan;0;Highly Urban/ Urban;851;non;non;[10-19];[300-399];[38-47]
F;Commercial;Pickup;0;Highly Urban/ Urban;852;non;non;[0-9];[400-499];[68-77]
F;Commercial;z_SUV;4;Highly Urban/ Urban;853;non;non;[0-9];[700-799];/!\ MINEUR !
M;Private;Sports Car;3;Highly Urban/ Urban;854;non;non;[10-19];[200-299];[88-100]
F;Private;Sports Car;0;Highly Urban/ Urban;855;non;oui;[0-9];[200-299];[68-77]
F;Private;z_SUV;4;Highly Urban/ Urban;856;non;non;;[500-599];[78-87]
M;Commercial;Panel Truck;2;Highly Urban/ Urban;857;non;oui;[0-9];[300-399];[88-100]
M;Private;z_SUV;4;z_Highly Rural/ Rural;858;oui;oui;[0-9];[300-399];[38-47]
F;Commercial;Panel Truck;5;Highly Urban/ Urban;859;non;non;[10-19];[200-299];[38-47]
M;Commercial;Van;4;Highly Urban/ Urban;860;non;non;[10-19];[300-399];[58-67]
F;Private;z_SUV;0;Highly Urban/ Urban;861;non;non;[0-9];[300-399];[58-67]
F;Private;Minivan;5;z_Highly Rural/ Rural;862;non;non;[10-19];[300-399];[58-67]
M;Private;z_SUV;0;Highly Urban/ Urban;863;oui;oui;[0-9];[200-299];/!\ MINEUR !
M;Private;Pickup;2;Highly Urban/ Urban;864;non;non;[0-9];[200-299];[38-47]
F;Private;Minivan;1;Highly Urban/ Urban;865;non;non;[10-19];[400-499];/!\ MINEUR !
M;Private;Pickup;3;Highly Urban/ Urban;866;non;oui;[0-9];[300-399];[78-87]
M;Private;z_SUV;0;Highly Urban/ Urban;867;non;non;[0-9];[200-299];[48-57]
F;Private;z_SUV;3;Highly Urban/ Urban;868;non;non;;[400-499];[48-57]
M;Commercial;Van;0;Highly Urban/ Urban;869;non;non;[0-9];[300-399];[48-57]
M;Commercial;Pickup;4;Highly Urban/ Urban;870;non;non;[0-9];[300-399];[78-87]
F;Private;Minivan;0;Highly Urban/ Urban;871;non;oui;[10-19];[300-399];[88-100]
M;Commercial;z_SUV;0;Highly Urban/ Urban;872;non;non;[0-9];[200-299];[58-67]
M;Commercial;z_SUV;0;Highly Urban/ Urban;873;non;non;[10-19];[300-399];[58-67]
F;Commercial;z_SUV;0;Highly Urban/ Urban;874;non;non;[10-19];[200-299];/!\ MINEUR !
M;Commercial;Pickup;6;Highly Urban/ Urban;875;non;non;[0-9];[300-399];[88-100]
F;Private;Minivan;1;Highly Urban/ Urban;876;non;non;[0-9];[300-399];[48-57]
M;Private;Minivan;7;Highly Urban/ Urban;877;non;non;[20-29];[300-399];[58-67]
M;Private;Van;3;Highly Urban/ Urban;878;non;non;[0-9];[300-399];[48-57]
F;Private;Sports Car;0;Highly Urban/ Urban;879;non;oui;;[300-399];[78-87]
M;Commercial;Pickup;0;Highly Urban/ Urban;880;non;non;[0-9];[200-299];[88-100]
M;Private;Sports Car;2;z_Highly Rural/ Rural;881;oui;oui;[0-9];[200-299];[48-57]
M;Private;Pickup;0;Highly Urban/ Urban;882;non;non;[0-9];[300-399];[48-57]
M;Commercial;Minivan;0;Highly Urban/ Urban;883;non;non;[10-19];[200-299];[48-57]
F;Private;Minivan;2;Highly Urban/ Urban;884;non;non;[0-9];[200-299];[48-57]
F;Private;Minivan;0;z_Highly Rural/ Rural;885;non;non;[10-19];[200-299];[38-47]
F;Commercial;z_SUV;1;Highly Urban/ Urban;886;non;non;[0-9];[200-299];[58-67]
F;Commercial;Pickup;0;Highly Urban/ Urban;887;non;non;[10-19];[200-299];[68-77]
M;Commercial;Pickup;4;Highly Urban/ Urban;888;non;non;[0-9];[500-599];[58-67]
F;Private;Minivan;0;z_Highly Rural/ Rural;889;non;non;[0-9];[200-299];[68-77]
M;Private;Pickup;0;z_Highly Rural/ Rural;890;non;oui;[0-9];[200-299];[58-67]
M;Private;Pickup;1;Highly Urban/ Urban;891;non;non;[0-9];[200-299];[78-87]
F;Private;z_SUV;2;z_Highly Rural/ Rural;892;non;non;[0-9];[200-299];[28-37]
M;Private;Minivan;2;Highly Urban/ Urban;893;non;non;[10-19];[200-299];[48-57]
M;Commercial;z_SUV;0;Highly Urban/ Urban;894;non;non;[0-9];[200-299];[18-27]
F;Commercial;Panel Truck;1;Highly Urban/ Urban;895;non;non;[10-19];[200-299];[78-87]
F;Private;Minivan;1;Highly Urban/ Urban;896;non;non;[20-29];[200-299];[58-67]
F;Commercial;Panel Truck;0;Highly Urban/ Urban;897;non;oui;[10-19];[500-599];/!\ MINEUR !
M;Private;Sports Car;4;z_Highly Rural/ Rural;898;non;oui;[0-9];[300-399];[78-87]
F;Private;Minivan;0;Highly Urban/ Urban;899;non;non;[10-19];[300-399];[58-67]
M;Private;Sports Car;0;Highly Urban/ Urban;900;non;oui;[10-19];[400-499];[68-77]
M;Commercial;Sports Car;4;Highly Urban/ Urban;901;non;non;[0-9];[200-299];[38-47]
F;Private;Sports Car;10;Highly Urban/ Urban;902;non;oui;[0-9];[200-299];[48-57]
F;Private;z_SUV;0;z_Highly Rural/ Rural;903;non;non;[0-9];[200-299];[28-37]
F;Commercial;Minivan;0;Highly Urban/ Urban;904;oui;oui;[10-19];[200-299];/!\ MINEUR !
M;Private;z_SUV;4;Highly Urban/ Urban;905;non;non;[0-9];[200-299];[28-37]
F;Private;Minivan;0;z_Highly Rural/ Rural;906;non;non;[0-9];[700-799];[48-57]
M;Private;Minivan;2;Highly Urban/ Urban;907;non;non;[10-19];[200-299];[38-47]
F;Private;Pickup;0;Highly Urban/ Urban;908;non;oui;[0-9];[300-399];[48-57]
M;Commercial;z_SUV;0;z_Highly Rural/ Rural;909;oui;oui;[0-9];[200-299];[18-27]
F;Commercial;Van;2;Highly Urban/ Urban;910;non;non;;[300-399];[18-27]
F;Private;Pickup;0;Highly Urban/ Urban;911;oui;oui;[10-19];[200-299];[28-37]
M;Commercial;Pickup;2;Highly Urban/ Urban;912;non;oui;[0-9];[200-299];[68-77]
F;Commercial;Pickup;0;Highly Urban/ Urban;913;non;oui;[0-9];[500-599];/!\ MINEUR !
F;Commercial;z_SUV;0;z_Highly Rural/ Rural;914;non;non;[0-9];[300-399];[48-57]
F;Private;Sports Car;1;Highly Urban/ Urban;915;non;non;[10-19];[200-299];[18-27]
M;Commercial;z_SUV;3;Highly Urban/ Urban;916;non;oui;[0-9];[200-299];[68-77]
F;Commercial;Pickup;2;z_Highly Rural/ Rural;917;non;non;[0-9];[200-299];[78-87]
F;Commercial;Sports Car;1;Highly Urban/ Urban;918;non;non;[0-9];[300-399];[38-47]
M;Private;Minivan;0;Highly Urban/ Urban;919;non;oui;[0-9];[300-399];[48-57]
F;Private;Sports Car;4;Highly Urban/ Urban;920;oui;oui;[10-19];[300-399];[68-77]
M;Commercial;z_SUV;0;Highly Urban/ Urban;921;non;non;[10-19];[200-299];[68-77]
M;Private;z_SUV;0;Highly Urban/ Urban;922;oui;oui;[0-9];[200-299];[78-87]
F;Private;Minivan;0;Highly Urban/ Urban;923;oui;oui;;[200-299];[58-67]
F;Commercial;Panel Truck;0;Highly Urban/ Urban;924;non;oui;[0-9];[300-399];[68-77]
F;Private;Minivan;0;Highly Urban/ Urban;925;oui;oui;[0-9];[200-299];[18-27]
M;Private;z_SUV;1;Highly Urban/ Urban;926;non;oui;[0-9];[500-599];/!\ MINEUR !
F;Commercial;z_SUV;0;z_Highly Rural/ Rural;927;non;non;[0-9];[200-299];[48-57]
F;Private;Sports Car;6;Highly Urban/ Urban;928;non;oui;[0-9];[300-399];[48-57]
M;Commercial;z_SUV;4;Highly Urban/ Urban;929;non;oui;[10-19];[300-399];/!\ MINEUR !
M;Commercial;Minivan;11;Highly Urban/ Urban;930;non;non;[0-9];[200-299];[68-77]
M;Commercial;Van;1;Highly Urban/ Urban;931;non;non;[10-19];[300-399];[38-47]
M;Commercial;Panel Truck;0;z_Highly Rural/ Rural;932;non;non;[0-9];[200-299];[48-57]
M;Commercial;Pickup;2;z_Highly Rural/ Rural;933;non;non;[10-19];[200-299];/!\ MINEUR !
F;Commercial;Panel Truck;0;Highly Urban/ Urban;934;non;non;[0-9];[200-299];[48-57]
F;Private;Minivan;0;Highly Urban/ Urban;935;non;non;;[300-399];[68-77]
M;Commercial;Minivan;4;Highly Urban/ Urban;936;oui;oui;[0-9];[200-299];[48-57]
M;Commercial;Minivan;4;Highly Urban/ Urban;937;non;non;[10-19];[300-399];[78-87]
F;Private;Minivan;0;Highly Urban/ Urban;938;non;non;;[200-299];[68-77]
M;Private;Minivan;0;Highly Urban/ Urban;939;non;oui;;[200-299];[18-27]
M;Private;Van;1;Highly Urban/ Urban;940;non;non;[10-19];[500-599];[58-67]
M;Commercial;z_SUV;1;Highly Urban/ Urban;941;non;non;[0-9];[300-399];[38-47]
F;Commercial;Panel Truck;3;Highly Urban/ Urban;942;oui;oui;[0-9];[400-499];/!\ MINEUR !
M;Private;z_SUV;0;Highly Urban/ Urban;943;non;oui;[0-9];[200-299];[48-57]
F;Commercial;Pickup;0;Highly Urban/ Urban;944;non;non;;[200-299];[58-67]
F;Private;Sports Car;4;Highly Urban/ Urban;945;non;non;[0-9];[200-299];[88-100]
F;Private;z_SUV;6;Highly Urban/ Urban;946;non;non;[10-19];[300-399];/!\ MINEUR !
F;Private;Minivan;1;Highly Urban/ Urban;947;non;oui;[0-9];[200-299];/!\ MINEUR !
M;Private;Minivan;0;Highly Urban/ Urban;948;non;non;[10-19];[400-499];[28-37]
F;Commercial;Panel Truck;3;Highly Urban/ Urban;949;non;non;[10-19];[300-399];[58-67]
M;Private;Minivan;0;Highly Urban/ Urban;950;non;non;[10-19];[200-299];[48-57]
M;Private;z_SUV;1;Highly Urban/ Urban;951;oui;oui;[10-19];[400-499];[68-77]
F;Private;z_SUV;2;Highly Urban/ Urban;952;oui;oui;[10-19];[200-299];[78-87]
M;Private;Sports Car;2;z_Highly Rural/ Rural;953;non;non;[0-9];[300-399];[28-37]
M;Private;Minivan;2;Highly Urban/ Urban;954;non;non;[10-19];[300-399];[68-77]
M;Private;z_SUV;2;Highly Urban/ Urban;955;non;oui;[0-9];[200-299];/!\ MINEUR !
M;Private;z_SUV;4;z_Highly Rural/ Rural;956;oui;oui;[10-19];[500-599];[38-47]
F;Private;z_SUV;0;Highly Urban/ Urban;957;non;non;[10-19];[300-399];[58-67]
M;Commercial;Pickup;0;Highly Urban/ Urban;958;oui;oui;[0-9];[300-399];[68-77]
F;Commercial;Panel Truck;0;Highly Urban/ Urban;959;non;non;[10-19];[200-299];[48-57]
M;Private;Sports Car;0;z_Highly Rural/ Rural;960;non;oui;[0-9];[400-499];/!\ MINEUR !
M;Commercial;Minivan;2;Highly Urban/ Urban;961;non;non;[0-9];[400-499];[58-67]
F;Commercial;Pickup;6;Highly Urban/ Urban;962;non;non;[0-9];[300-399];[58-67]
M;Private;z_SUV;1;Highly Urban/ Urban;963;non;non;[10-19];[300-399];[68-77]
F;Private;Minivan;0;Highly Urban/ Urban;964;oui;oui;[20-29];[300-399];[48-57]
F;Private;Minivan;5;Highly Urban/ Urban;965;non;non;;[200-299];[68-77]
F;Commercial;Panel Truck;1;Highly Urban/ Urban;966;non;non;[10-19];[200-299];/!\ MINEUR !
M;Private;z_SUV;0;Highly Urban/ Urban;967;non;non;[10-19];[200-299];[68-77]
M;Private;Sports Car;0;Highly Urban/ Urban;968;non;non;;[300-399];/!\ MINEUR !
M;Private;Sports Car;0;Highly Urban/ Urban;969;non;oui;[0-9];[200-299];[38-47]
F;Private;Minivan;1;Highly Urban/ Urban;970;non;non;[20-29];[200-299];[48-57]
M;Private;Minivan;0;z_Highly Rural/ Rural;971;non;non;[0-9];[400-499];[58-67]
F;Private;z_SUV;4;Highly Urban/ Urban;972;non;non;[10-19];[400-499];[38-47]
M;Private;z_SUV;0;z_Highly Rural/ Rural;973;non;non;[10-19];[200-299];[48-57]
F;Private;z_SUV;0;Highly Urban/ Urban;974;non;non;[0-9];[200-299];[48-57]
F;Commercial;Van;0;Highly Urban/ Urban;975;non;non;[10-19];[300-399];[68-77]
M;Private;Pickup;3;Highly Urban/ Urban;976;non;oui;[0-9];[200-299];/!\ MINEUR !
F;Private;Minivan;2;Highly Urban/ Urban;977;non;non;[10-19];[200-299];[78-87]
F;Private;Minivan;1;z_Highly Rural/ Rural;978;non;non;[0-9];[300-399];[48-57]
F;Private;Pickup;2;Highly Urban/ Urban;979;oui;oui;[0-9];[300-399];[58-67]
F;Private;Minivan;0;Highly Urban/ Urban;980;non;non;[0-9];[300-399];[38-47]
F;Private;Minivan;5;Highly Urban/ Urban;981;non;non;[10-19];[300-399];[58-67]
M;Private;Minivan;0;Highly Urban/ Urban;982;non;non;[10-19];[200-299];[88-100]
F;Private;Sports Car;0;Highly Urban/ Urban;983;non;non;[10-19];[200-299];[68-77]
F;Private;Pickup;3;Highly Urban/ Urban;984;non;oui;[20-29];[300-399];/!\ MINEUR !
M;Commercial;Panel Truck;1;Highly Urban/ Urban;985;non;oui;[20-29];[200-299];[58-67]
F;Commercial;Panel Truck;2;Highly Urban/ Urban;986;non;non;[0-9];[300-399];[48-57]
M;Commercial;Pickup;0;Highly Urban/ Urban;987;non;non;[0-9];[300-399];/!\ MINEUR !
M;Commercial;Panel Truck;3;Highly Urban/ Urban;988;non;non;[0-9];[200-299];[38-47]
M;Private;Minivan;6;Highly Urban/ Urban;989;non;non;[10-19];[200-299];[58-67]
F;Commercial;Pickup;0;z_Highly Rural/ Rural;990;non;oui;[0-9];[400-499];[38-47]
M;Commercial;Sports Car;5;Highly Urban/ Urban;991;non;non;[0-9];[300-399];/!\ MINEUR !
F;Private;Pickup;3;Highly Urban/ Urban;992;non;non;[10-19];[200-299];/!\ MINEUR !
F;Private;Minivan;0;Highly Urban/ Urban;993;non;non;[0-9];[200-299];[58-67]
F;Commercial;Sports Car;0;Highly Urban/ Urban;994;non;non;[0-9];[300-399];/!\ MINEUR !
M;Private;Sports Car;3;Highly Urban/ Urban;995;non;non;[0-9];[200-299];[78-87]
F;Private;Sports Car;0;Highly Urban/ Urban;996;non;non;[10-19];[200-299];[58-67]
M;Private;z_SUV;1;z_Highly Rural/ Rural;997;non;oui;[0-9];[300-399];[28-37]
M;Commercial;Van;2;Highly Urban/ Urban;998;non;non;[0-9];[300-399];[68-77]
M;Commercial;Pickup;0;Highly Urban/ Urban;999;non;non;[10-19];[200-299];[68-77]
M;Private;z_SUV;0;Highly Urban/ Urban;1000;non;non;[10-19];[200-299];/!\ MINEUR !
F;Private;z_SUV;2;z_Highly Rural/ Rural;1001;non;non;[0-9];[300-399];[78-87]
F;Private;z_SUV;7;Highly Urban/ Urban;1002;non;non;[0-9];[200-299];[58-67]
F;Private;z_SUV;0;z_Highly Rural/ Rural;1003;non;non;[0-9];[300-399];[78-87]
M;Private;Minivan;2;Highly Urban/ Urban;1004;non;non;[10-19];[300-399];[38-47]
F;Private;z_SUV;0;Highly Urban/ Urban;1005;non;non;;[300-399];[38-47]
F;Private;Minivan;0;Highly Urban/ Urban;1006;non;non;[0-9];[200-299];[18-27]
M;Private;z_SUV;0;z_Highly Rural/ Rural;1007;non;non;[0-9];[200-299];[48-57]
F;Private;z_SUV;3;Highly Urban/ Urban;1008;non;oui;[0-9];[200-299];[48-57]
M;Commercial;Panel Truck;0;Highly Urban/ Urban;1009;oui;oui;[10-19];[200-299];[58-67]
F;Private;z_SUV;0;Highly Urban/ Urban;1010;non;oui;[10-19];[200-299];[58-67]
F;Private;z_SUV;2;Highly Urban/ Urban;1011;non;non;[10-19];[300-399];[58-67]
M;Private;z_SUV;2;Highly Urban/ Urban;1012;non;oui;[0-9];[200-299];[28-37]
F;Private;Pickup;10;Highly Urban/ Urban;1013;non;oui;[0-9];[200-299];[68-77]
M;Commercial;Pickup;0;z_Highly Rural/ Rural;1014;non;non;[0-9];[200-299];/!\ MINEUR !
M;Private;Minivan;0;Highly Urban/ Urban;1015;non;oui;[0-9];[200-299];[68-77]
M;Private;Minivan;6;Highly Urban/ Urban;1016;oui;oui;[0-9];[200-299];[58-67]
M;Private;Minivan;0;z_Highly Rural/ Rural;1017;non;non;[10-19];[200-299];[78-87]
M;Private;Minivan;0;Highly Urban/ Urban;1018;oui;oui;[10-19];[500-599];[38-47]
M;Commercial;Minivan;3;Highly Urban/ Urban;1019;non;non;[10-19];[200-299];[48-57]
F;Private;Minivan;5;Highly Urban/ Urban;1020;non;non;[10-19];[300-399];[18-27]
F;Private;Sports Car;3;z_Highly Rural/ Rural;1021;non;non;[0-9];[500-599];[68-77]
F;Private;Sports Car;0;Highly Urban/ Urban;1022;non;non;[10-19];[400-499];[48-57]
M;Private;Minivan;1;z_Highly Rural/ Rural;1023;non;non;[0-9];[200-299];/!\ MINEUR !
M;Private;z_SUV;0;Highly Urban/ Urban;1024;non;oui;;[300-399];[58-67]
M;Private;Sports Car;0;Highly Urban/ Urban;1025;non;oui;[10-19];[500-599];[58-67]
F;Private;z_SUV;4;Highly Urban/ Urban;1026;non;non;[10-19];[200-299];[78-87]
F;Private;z_SUV;4;Highly Urban/ Urban;1027;non;oui;[0-9];[200-299];[38-47]
M;Commercial;z_SUV;1;Highly Urban/ Urban;1028;non;non;[10-19];[300-399];/!\ MINEUR !
M;Private;z_SUV;2;Highly Urban/ Urban;1029;oui;oui;[0-9];[200-299];[28-37]
M;Private;Van;4;Highly Urban/ Urban;1030;non;non;[0-9];[200-299];[28-37]
F;Commercial;Pickup;5;Highly Urban/ Urban;1031;non;oui;[10-19];[800-899];[58-67]
M;Private;z_SUV;7;z_Highly Rural/ Rural;1032;non;non;[0-9];[200-299];[38-47]
F;Private;Minivan;6;Highly Urban/ Urban;1033;oui;oui;[10-19];[300-399];[68-77]
M;Private;Sports Car;0;Highly Urban/ Urban;1034;non;oui;;[200-299];[48-57]
M;Private;Pickup;2;z_Highly Rural/ Rural;1035;non;oui;[0-9];[400-499];[48-57]
M;Private;Van;1;Highly Urban/ Urban;1036;non;non;[10-19];[200-299];[48-57]
F;Private;Pickup;4;z_Highly Rural/ Rural;1037;non;non;[10-19];[300-399];[38-47]
F;Commercial;Minivan;6;Highly Urban/ Urban;1038;non;oui;;[300-399];[28-37]
M;Commercial;Pickup;0;z_Highly Rural/ Rural;1039;non;oui;[0-9];[200-299];[38-47]
M;Private;z_SUV;1;Highly Urban/ Urban;1040;non;non;[0-9];[300-399];[68-77]
F;Private;Minivan;0;Highly Urban/ Urban;1041;non;oui;[0-9];[200-299];[28-37]
M;Private;z_SUV;0;Highly Urban/ Urban;1042;non;oui;[10-19];[200-299];[78-87]
F;Private;z_SUV;0;Highly Urban/ Urban;1043;non;non;[0-9];[200-299];/!\ MINEUR !
M;Commercial;Panel Truck;4;Highly Urban/ Urban;1044;non;non;[10-19];[300-399];[28-37]
M;Private;Minivan;1;Highly Urban/ Urban;1045;non;non;[10-19];[200-299];[78-87]
M;Commercial;Sports Car;6;Highly Urban/ Urban;1046;non;non;[10-19];[200-299];[38-47]
M;Private;Sports Car;0;z_Highly Rural/ Rural;1047;non;non;[0-9];[200-299];[28-37]
F;Commercial;Panel Truck;0;z_Highly Rural/ Rural;1048;non;non;[0-9];[200-299];[38-47]
M;Private;Minivan;4;Highly Urban/ Urban;1049;non;non;[0-9];[300-399];[48-57]
F;Private;z_SUV;3;z_Highly Rural/ Rural;1050;non;non;[0-9];[300-399];[28-37]
M;Private;Minivan;0;Highly Urban/ Urban;1051;non;non;[0-9];[200-299];[68-77]
M;Commercial;z_SUV;0;Highly Urban/ Urban;1052;non;non;[0-9];[300-399];[88-100]
M;Private;Minivan;3;Highly Urban/ Urban;1053;non;oui;[0-9];[300-399];[18-27]
M;Commercial;Minivan;0;Highly Urban/ Urban;1054;non;non;[0-9];[300-399];[18-27]
F;Private;Minivan;4;Highly Urban/ Urban;1055;non;non;[10-19];[400-499];[68-77]
M;Commercial;Panel Truck;0;Highly Urban/ Urban;1056;non;non;[0-9];[300-399];[68-77]
M;Private;Pickup;2;Highly Urban/ Urban;1057;non;non;[10-19];[300-399];[88-100]
F;Commercial;Minivan;0;z_Highly Rural/ Rural;1058;non;oui;[0-9];[300-399];[58-67]
F;Commercial;Minivan;1;Highly Urban/ Urban;1059;non;oui;[0-9];[500-599];[78-87]
F;Commercial;Pickup;0;Highly Urban/ Urban;1060;non;non;[0-9];[300-399];/!\ MINEUR !
F;Commercial;Panel Truck;7;Highly Urban/ Urban;1061;non;non;[10-19];[200-299];[68-77]
M;Commercial;Panel Truck;4;Highly Urban/ Urban;1062;non;non;[10-19];[200-299];[48-57]
F;Private;Sports Car;2;Highly Urban/ Urban;1063;non;non;[10-19];[200-299];[68-77]
F;Private;z_SUV;4;Highly Urban/ Urban;1064;oui;non;;[200-299];[18-27]
M;Private;z_SUV;0;z_Highly Rural/ Rural;1065;non;non;[0-9];[200-299];[38-47]
F;Private;Van;4;Highly Urban/ Urban;1066;non;non;[10-19];[200-299];[58-67]
M;Private;Minivan;3;Highly Urban/ Urban;1067;non;non;[10-19];[200-299];[48-57]
F;Private;Sports Car;0;Highly Urban/ Urban;1068;non;oui;[0-9];[200-299];[68-77]
F;Commercial;Van;7;Highly Urban/ Urban;1069;non;non;[0-9];[200-299];[78-87]
F;Private;Van;0;Highly Urban/ Urban;1070;non;non;[10-19];[300-399];/!\ MINEUR !
F;Commercial;Pickup;0;z_Highly Rural/ Rural;1071;oui;oui;[0-9];[200-299];[48-57]
F;Commercial;Van;0;Highly Urban/ Urban;1072;oui;oui;[0-9];[200-299];[38-47]
M;Commercial;Van;0;z_Highly Rural/ Rural;1073;oui;oui;[10-19];[300-399];[48-57]
F;Commercial;Panel Truck;3;Highly Urban/ Urban;1074;non;non;[10-19];[300-399];[28-37]
F;Commercial;Pickup;1;Highly Urban/ Urban;1075;non;non;[10-19];[300-399];[58-67]
F;Private;Van;0;Highly Urban/ Urban;1076;oui;oui;;[200-299];[68-77]
F;Private;Pickup;0;Highly Urban/ Urban;1077;oui;oui;[0-9];[200-299];[48-57]
F;Private;z_SUV;3;Highly Urban/ Urban;1078;non;non;[0-9];[300-399];[48-57]
F;Commercial;Panel Truck;0;Highly Urban/ Urban;1079;non;non;[0-9];[200-299];[48-57]
M;Private;Minivan;5;Highly Urban/ Urban;1080;non;non;[10-19];[200-299];[18-27]
F;Commercial;Panel Truck;2;Highly Urban/ Urban;1081;non;non;[0-9];[300-399];[18-27]
M;Private;Minivan;0;Highly Urban/ Urban;1082;non;oui;[10-19];[300-399];[68-77]
M;Private;Sports Car;3;Highly Urban/ Urban;1083;non;non;[10-19];[200-299];[28-37]
M;Private;z_SUV;0;Highly Urban/ Urban;1084;non;non;[10-19];[200-299];[18-27]
F;Commercial;Minivan;0;Highly Urban/ Urban;1085;non;oui;[0-9];[300-399];[18-27]
F;Private;Sports Car;4;Highly Urban/ Urban;1086;oui;oui;[0-9];[200-299];[68-77]
F;Private;Minivan;5;Highly Urban/ Urban;1087;oui;oui;[0-9];[200-299];[28-37]
M;Commercial;Van;2;Highly Urban/ Urban;1088;non;non;[0-9];[200-299];[78-87]
F;Private;z_SUV;0;Highly Urban/ Urban;1089;non;non;[10-19];[300-399];[18-27]
M;Commercial;Van;3;Highly Urban/ Urban;1090;non;oui;[0-9];[200-299];[48-57]
M;Private;Pickup;0;Highly Urban/ Urban;1091;non;non;[0-9];[300-399];[58-67]
F;Private;Sports Car;8;Highly Urban/ Urban;1092;non;oui;[0-9];[200-299];[58-67]
F;Commercial;Pickup;0;z_Highly Rural/ Rural;1093;non;oui;[0-9];[300-399];[38-47]
F;Commercial;Panel Truck;0;z_Highly Rural/ Rural;1094;non;non;[10-19];[300-399];[38-47]
F;Commercial;Pickup;0;Highly Urban/ Urban;1095;oui;oui;[10-19];[300-399];/!\ MINEUR !
F;Private;Minivan;5;Highly Urban/ Urban;1096;oui;oui;[10-19];[300-399];[48-57]
F;Private;Minivan;4;Highly Urban/ Urban;1097;non;oui;[0-9];[200-299];[38-47]
F;Commercial;Panel Truck;1;z_Highly Rural/ Rural;1098;non;non;;[200-299];[58-67]
M;Commercial;Minivan;4;Highly Urban/ Urban;1099;non;non;[10-19];[200-299];/!\ MINEUR !
M;Commercial;z_SUV;3;Highly Urban/ Urban;1100;oui;oui;[0-9];[200-299];[68-77]
M;Private;Van;0;Highly Urban/ Urban;1101;non;oui;[10-19];[900-1000];[38-47]
F;Private;Minivan;2;z_Highly Rural/ Rural;1102;non;non;[0-9];[300-399];[68-77]
M;Private;Minivan;1;Highly Urban/ Urban;1103;non;non;[0-9];[200-299];[38-47]
F;Commercial;z_SUV;0;Highly Urban/ Urban;1104;non;non;[0-9];[300-399];[48-57]
M;Private;Minivan;0;z_Highly Rural/ Rural;1105;non;non;[0-9];[200-299];/!\ MINEUR !
M;Commercial;Panel Truck;9;Highly Urban/ Urban;1106;oui;oui;[10-19];[200-299];/!\ MINEUR !
M;Commercial;Panel Truck;0;Highly Urban/ Urban;1107;non;non;[10-19];[300-399];/!\ MINEUR !
M;Private;z_SUV;0;Highly Urban/ Urban;1108;non;oui;[10-19];[200-299];/!\ MINEUR !
F;Commercial;Van;8;Highly Urban/ Urban;1109;non;non;[0-9];[300-399];[58-67]
M;Private;z_SUV;5;Highly Urban/ Urban;1110;non;oui;[10-19];[300-399];[28-37]
M;Commercial;Pickup;1;Highly Urban/ Urban;1111;non;non;[0-9];[300-399];[58-67]
M;Private;Sports Car;0;Highly Urban/ Urban;1112;non;non;[20-29];[200-299];[28-37]
M;Private;Sports Car;1;Highly Urban/ Urban;1113;non;non;[0-9];[300-399];[68-77]
M;Private;Van;3;Highly Urban/ Urban;1114;non;non;[0-9];[200-299];[58-67]
F;Private;Minivan;0;Highly Urban/ Urban;1115;non;non;[10-19];[300-399];[58-67]
F;Private;Pickup;0;Highly Urban/ Urban;1116;non;non;[10-19];[300-399];[38-47]
M;Private;Pickup;1;Highly Urban/ Urban;1117;non;oui;[0-9];[200-299];/!\ MINEUR !
F;Commercial;Pickup;1;Highly Urban/ Urban;1118;non;non;[0-9];[300-399];[38-47]
M;Private;Minivan;0;Highly Urban/ Urban;1119;non;non;[0-9];[200-299];[78-87]
F;Private;Minivan;1;Highly Urban/ Urban;1120;non;non;[10-19];[300-399];[28-37]
M;Private;Sports Car;0;Highly Urban/ Urban;1121;non;non;[0-9];[300-399];[18-27]
F;Commercial;Panel Truck;1;Highly Urban/ Urban;1122;non;non;[10-19];[300-399];[58-67]
F;Commercial;Panel Truck;1;Highly Urban/ Urban;1123;non;non;[10-19];[300-399];[78-87]
M;Commercial;Minivan;2;Highly Urban/ Urban;1124;oui;oui;[0-9];[300-399];[18-27]
F;Commercial;Pickup;0;z_Highly Rural/ Rural;1125;non;oui;[10-19];[200-299];/!\ MINEUR !
M;Private;Pickup;1;Highly Urban/ Urban;1126;non;non;[10-19];[300-399];/!\ MINEUR !
M;Commercial;Minivan;0;z_Highly Rural/ Rural;1127;non;non;[10-19];[200-299];[18-27]
F;Private;z_SUV;0;z_Highly Rural/ Rural;1128;non;non;[0-9];[300-399];/!\ MINEUR !
M;Private;z_SUV;4;Highly Urban/ Urban;1129;non;non;[0-9];[300-399];/!\ MINEUR !
F;Private;z_SUV;5;Highly Urban/ Urban;1130;non;non;[0-9];[300-399];/!\ MINEUR !
F;Private;z_SUV;1;Highly Urban/ Urban;1131;non;non;[10-19];[300-399];[68-77]
F;Private;Minivan;0;Highly Urban/ Urban;1132;non;non;[0-9];[200-299];[28-37]
F;Private;Minivan;3;Highly Urban/ Urban;1133;non;oui;[0-9];[200-299];[38-47]
F;Private;z_SUV;1;z_Highly Rural/ Rural;1134;non;non;[10-19];[300-399];[88-100]
M;Private;z_SUV;0;Highly Urban/ Urban;1135;non;oui;[0-9];[200-299];[28-37]
F;Private;z_SUV;0;Highly Urban/ Urban;1136;non;oui;[10-19];[300-399];[88-100]
F;Private;z_SUV;3;Highly Urban/ Urban;1137;non;non;;[200-299];[58-67]
F;Private;Sports Car;10;Highly Urban/ Urban;1138;non;non;[0-9];[300-399];/!\ MINEUR !
F;Private;z_SUV;0;Highly Urban/ Urban;1139;non;non;[10-19];[200-299];[48-57]
M;Private;Pickup;3;Highly Urban/ Urban;1140;non;non;[0-9];[300-399];/!\ MINEUR !
M;Private;Sports Car;0;z_Highly Rural/ Rural;1141;oui;oui;[10-19];[200-299];[68-77]
F;Commercial;Pickup;2;z_Highly Rural/ Rural;1142;non;non;[0-9];[200-299];[68-77]
F;Private;Pickup;4;Highly Urban/ Urban;1143;non;non;[20-29];[300-399];[58-67]
F;Commercial;Panel Truck;0;z_Highly Rural/ Rural;1144;oui;oui;;[200-299];[78-87]
M;Private;Sports Car;2;Highly Urban/ Urban;1145;non;oui;[0-9];[200-299];[68-77]
M;Private;Minivan;3;Highly Urban/ Urban;1146;non;non;[20-29];[200-299];[48-57]
M;Private;z_SUV;7;Highly Urban/ Urban;1147;non;oui;[0-9];[200-299];[68-77]
F;Private;z_SUV;0;z_Highly Rural/ Rural;1148;non;non;[0-9];[200-299];[78-87]
F;Private;Minivan;0;Highly Urban/ Urban;1149;non;non;[0-9];[500-599];/!\ MINEUR !
M;Commercial;Minivan;7;Highly Urban/ Urban;1150;non;non;[10-19];[200-299];[68-77]
M;Commercial;Pickup;3;Highly Urban/ Urban;1151;oui;oui;[0-9];[200-299];[58-67]
M;Commercial;Panel Truck;5;Highly Urban/ Urban;1152;non;non;[20-29];[300-399];[58-67]
M;Private;z_SUV;1;z_Highly Rural/ Rural;1153;non;non;[0-9];[300-399];[78-87]
F;Private;Minivan;2;Highly Urban/ Urban;1154;non;non;[20-29];[200-299];[58-67]
M;Private;Minivan;2;z_Highly Rural/ Rural;1155;non;non;[0-9];[200-299];/!\ MINEUR !
F;Private;Minivan;3;Highly Urban/ Urban;1156;non;non;[0-9];[300-399];[58-67]
F;Commercial;Van;6;Highly Urban/ Urban;1157;non;non;[0-9];[400-499];[68-77]
M;Private;Minivan;0;z_Highly Rural/ Rural;1158;oui;non;[0-9];[300-399];[88-100]
